job_id,split
1,test
2,train
3,train
5,test
6,train
7,train
8,train
9,train
10,test
11,train
12,test
13,train
14,train
15,train
16,test
17,train
18,train
19,train
20,train
21,test
22,train
23,train
24,train
25,train
26,train
27,train
29,train
30,train
31,train
32,test
33,train
34,test
35,test
36,test
38,train
39,test
40,train
41,train
42,train
43,test
44,train
45,test
46,train
47,train
48,train
49,test
51,train
52,test
53,train
54,train
55,test
56,train
57,train
58,train
59,train
60,train
61,train
62,train
63,train
64,train
65,train
66,train
67,train
68,test
69,train
71,train
72,train
73,train
74,train
75,train
76,test
77,train
78,train
80,test
81,train
82,train
84,test
85,train
86,train
87,test
88,test
89,train
90,train
91,train
92,train
93,test
94,train
95,train
96,test
97,train
98,train
99,train
100,test
101,test
102,train
103,test
104,test
105,train
106,train
107,train
108,train
109,test
110,train
112,test
113,train
114,train
115,test
116,test
117,test
118,train
119,train
120,train
121,train
122,train
123,train
124,train
125,train
126,train
127,train
128,test
129,train
130,train
131,train
132,test
133,train
134,train
135,train
136,train
137,train
138,train
139,train
140,test
141,train
142,train
144,train
145,test
146,train
147,train
148,train
149,train
150,train
152,train
153,train
154,train
155,train
157,train
158,train
159,train
160,train
161,test
163,train
164,train
166,train
167,train
169,train
170,train
172,train
173,train
175,train
176,train
177,train
178,train
179,train
180,train
181,train
182,train
183,train
184,train
185,train
186,test
187,train
188,train
189,train
190,test
191,train
192,train
193,train
194,test
195,train
196,train
197,train
198,train
199,train
200,train
201,train
202,test
203,train
205,train
206,test
207,train
208,train
209,train
210,train
211,train
212,train
213,train
214,train
215,train
216,train
217,train
218,test
219,train
220,train
221,train
222,train
223,train
224,train
225,train
226,train
227,train
228,test
229,train
230,train
231,train
232,test
233,train
234,test
235,test
236,test
237,train
238,train
239,train
240,train
241,train
242,train
243,train
244,train
245,train
246,train
247,train
248,train
249,train
250,train
251,train
252,train
253,train
254,train
255,train
256,train
257,train
258,train
259,train
260,train
261,train
262,train
263,test
264,train
265,test
266,test
267,train
268,train
269,test
270,train
271,train
272,train
273,train
274,train
275,train
276,train
277,test
278,train
279,train
280,train
281,test
282,train
283,test
284,train
285,test
286,train
287,train
288,train
289,train
290,train
291,train
292,test
293,train
294,train
295,train
296,train
297,train
298,train
299,train
300,train
301,train
302,train
303,train
304,test
305,train
306,test
307,train
308,test
309,test
310,train
311,test
312,train
313,test
314,train
315,train
316,train
317,test
318,train
319,train
320,train
321,test
322,test
323,train
324,train
325,train
326,train
327,train
328,train
329,test
330,train
331,train
332,train
333,test
334,test
335,train
336,test
338,train
339,train
340,test
341,train
342,train
343,train
345,train
346,train
347,train
349,train
350,train
351,test
352,train
353,train
354,test
355,train
356,test
357,train
358,train
359,train
360,train
361,train
362,train
363,train
364,train
365,train
366,train
367,test
368,train
369,train
370,train
371,train
372,train
373,train
375,train
377,train
379,train
380,train
381,test
382,train
384,train
385,test
386,train
387,train
388,train
390,train
392,train
393,train
395,test
396,train
397,train
398,train
399,train
401,train
402,test
403,train
404,train
405,train
406,train
407,train
408,test
409,train
410,train
411,train
413,train
414,train
415,train
417,train
418,train
419,test
420,train
421,train
422,train
423,train
425,train
426,train
427,train
428,train
429,train
430,test
432,test
433,train
435,train
436,train
437,train
438,train
440,train
441,train
442,test
443,test
445,test
446,test
448,test
449,train
450,train
452,train
453,test
454,test
455,train
456,train
457,train
458,train
459,train
460,train
461,train
462,test
463,train
465,test
466,test
467,test
468,train
469,train
470,train
471,train
472,train
473,test
475,train
476,train
477,train
478,train
479,test
480,train
481,train
482,train
483,train
484,train
485,train
486,train
487,train
490,train
491,train
492,test
494,train
495,train
496,train
497,train
498,test
500,train
502,test
504,train
505,train
506,train
507,test
508,train
511,train
512,train
513,test
514,train
515,test
516,test
517,test
518,train
519,train
520,test
521,train
522,train
523,train
524,train
525,train
526,train
527,train
528,train
529,train
530,train
531,test
532,train
533,train
534,train
535,test
536,train
537,train
538,train
539,train
540,train
541,train
542,train
543,train
544,test
545,train
546,train
547,train
548,test
549,train
550,train
551,train
552,train
553,train
554,train
555,train
556,train
557,train
558,test
559,train
560,train
561,train
562,train
563,train
564,train
565,train
566,test
567,train
568,train
569,train
570,train
571,train
572,train
573,train
574,train
575,train
576,train
577,train
578,train
579,train
580,test
581,test
582,train
583,train
584,train
585,train
586,train
587,train
588,train
589,train
590,test
591,test
592,train
593,train
594,train
595,train
596,train
597,test
598,train
599,train
600,train
601,train
602,test
603,train
604,train
605,train
606,train
607,train
608,train
609,train
610,test
611,test
612,train
613,test
614,train
615,train
616,test
617,train
618,train
619,train
620,train
621,test
622,train
623,train
624,test
625,test
626,train
627,train
628,train
629,train
630,test
631,train
632,train
633,train
634,test
635,train
636,train
637,train
638,test
639,train
640,test
641,train
642,train
643,train
644,train
646,train
647,train
648,train
649,train
650,train
651,train
652,train
653,train
654,test
655,train
656,train
657,test
658,train
659,train
660,train
661,train
662,test
664,train
665,train
666,train
667,train
668,train
670,train
671,test
672,test
673,train
674,test
675,test
676,train
677,train
678,train
679,train
680,train
681,train
682,train
683,train
684,test
685,train
686,train
687,train
688,train
690,train
691,train
692,train
693,train
694,train
695,train
697,train
700,train
701,train
703,test
704,train
705,train
706,train
707,test
708,train
709,train
710,train
711,test
712,train
713,train
715,train
716,train
717,train
718,train
719,train
720,train
721,train
722,train
723,train
724,train
725,test
726,train
727,train
728,train
729,train
730,test
732,train
733,train
734,test
735,train
736,train
737,train
738,train
739,train
740,train
741,test
742,train
743,train
744,train
745,train
746,train
747,train
748,train
749,train
750,train
751,train
752,test
753,train
754,train
755,train
756,train
757,train
758,test
759,train
760,train
761,train
762,test
763,train
764,train
765,train
766,test
767,train
768,test
769,train
770,train
771,test
772,test
773,train
774,train
775,train
776,test
777,train
778,train
779,train
780,train
781,train
782,train
783,train
784,train
785,train
786,train
787,train
788,test
789,train
790,train
791,test
792,train
793,test
794,test
795,train
796,train
797,train
798,test
799,train
800,train
801,train
802,test
803,train
804,train
805,test
806,train
807,test
808,train
809,train
810,train
811,train
812,train
813,train
814,test
815,train
816,test
817,train
818,train
819,test
820,train
821,train
822,test
823,test
824,train
825,train
826,train
827,train
828,train
829,train
830,train
831,train
832,test
833,train
834,train
835,test
836,train
837,train
838,train
839,train
840,train
841,train
842,train
843,train
844,train
845,train
846,train
847,train
848,train
849,train
850,train
851,train
852,test
853,test
854,test
855,train
856,train
857,test
858,train
859,train
860,train
861,train
862,train
863,train
864,train
865,train
866,train
867,train
868,train
869,train
870,train
871,train
872,train
873,train
874,train
875,train
876,train
877,test
878,train
879,train
880,train
881,train
882,train
883,train
884,train
885,train
886,train
887,train
888,train
889,train
890,train
891,train
892,train
893,train
894,test
895,train
896,train
897,test
898,train
899,train
900,train
901,train
902,train
903,train
904,train
905,train
906,train
907,train
908,test
909,train
910,test
911,train
912,train
913,train
914,test
915,train
916,train
917,train
918,train
919,train
920,test
921,train
922,train
923,train
924,test
925,train
926,test
927,train
928,train
929,train
930,train
931,train
932,train
933,train
934,train
935,train
936,train
937,train
938,train
939,test
940,train
941,test
942,train
943,train
944,train
945,train
946,train
948,train
949,train
950,train
951,train
952,train
954,train
955,test
956,train
957,train
958,train
959,train
960,test
961,train
962,test
963,train
964,train
965,train
966,train
967,train
968,test
969,test
970,train
971,train
972,train
973,train
974,test
976,train
977,train
978,train
979,train
980,train
981,train
982,test
983,train
984,train
985,train
986,train
987,train
988,test
989,train
990,train
991,train
992,train
993,test
994,train
995,train
996,train
997,train
998,test
999,train
1000,train
1002,train
1003,train
1004,train
1006,train
1007,train
1009,train
1010,train
1012,train
1013,train
1014,train
1015,train
1016,train
1017,test
1018,train
1020,train
1021,train
1023,train
1024,test
1025,test
1027,train
1028,test
1029,train
1031,train
1033,train
1035,train
1036,train
1037,train
1039,test
1040,train
1041,train
1042,test
1043,test
1044,train
1045,test
1046,train
1047,train
1048,train
1049,train
1050,train
1052,test
1053,train
1054,train
1055,train
1056,train
1057,train
1059,train
1060,train
1062,train
1063,train
1064,train
1065,train
1066,train
1067,train
1068,test
1069,train
1070,train
1072,train
1073,train
1074,train
1075,train
1076,train
1077,train
1079,test
1080,train
1081,train
1082,train
1083,train
1084,train
1085,train
1086,train
1087,test
1088,test
1089,train
1090,train
1091,train
1092,train
1093,train
1094,train
1095,train
1096,train
1097,train
1098,train
1099,test
1100,train
1101,train
1102,train
1103,test
1104,train
1105,train
1107,train
1108,train
1110,train
1111,train
1112,train
1113,train
1114,train
1116,train
1118,train
1119,train
1121,test
1123,train
1125,test
1126,test
1127,train
1128,train
1129,train
1130,train
1131,train
1132,train
1133,train
1135,train
1136,train
1137,train
1138,test
1139,train
1140,train
1141,test
1142,train
1143,train
1144,train
1145,train
1146,test
1147,train
1148,train
1149,train
1151,train
1152,train
1153,train
1155,test
1156,train
1157,train
1159,test
1160,train
1161,train
1162,train
1163,train
1164,test
1165,train
1166,test
1167,train
1168,train
1169,train
1170,test
1171,train
1172,test
1173,train
1174,train
1175,test
1176,train
1177,train
1178,test
1180,train
1181,train
1182,train
1183,train
1184,train
1185,train
1186,train
1187,train
1189,train
1190,train
1191,train
1192,train
1193,train
1194,train
1195,train
1196,train
1197,test
1198,train
1199,train
1200,test
1201,test
1202,test
1203,test
1204,train
1205,train
1206,train
1207,train
1208,test
1209,train
1210,train
1211,test
1212,train
1213,test
1214,train
1215,train
1216,train
1218,train
1219,train
1221,train
1222,train
1223,train
1224,train
1225,train
1226,train
1227,train
1228,train
1230,train
1231,train
1232,test
1233,train
1234,train
1236,test
1237,train
1238,train
1239,test
1240,train
1241,test
1243,train
1244,test
1246,train
1247,train
1248,train
1249,train
1250,train
1252,train
1254,train
1255,test
1256,train
1257,train
1258,test
1259,train
1260,train
1261,train
1263,train
1264,train
1265,test
1266,train
1267,train
1268,train
1269,train
1270,train
1271,train
1273,train
1274,train
1275,test
1276,train
1277,train
1278,test
1279,train
1280,test
1282,train
1283,train
1284,test
1285,train
1286,train
1287,train
1288,train
1289,test
1290,train
1291,test
1292,train
1293,train
1294,test
1296,test
1297,test
1298,train
1299,train
1300,train
1302,test
1303,train
1304,test
1305,train
1306,train
1307,train
1308,train
1310,test
1311,train
1312,test
1314,train
1315,test
1316,train
1318,train
1319,test
1321,train
1322,train
1323,train
1324,test
1325,train
1326,test
1327,train
1328,train
1329,train
1330,train
1332,train
1333,train
1334,train
1335,train
1336,train
1338,train
1340,train
1341,train
1343,train
1345,test
1346,train
1347,train
1348,train
1349,test
1350,train
1351,train
1352,train
1353,train
1355,train
1356,train
1357,train
1358,test
1359,train
1360,test
1361,train
1362,train
1364,test
1365,train
1367,train
1368,train
1369,test
1371,train
1373,train
1374,train
1375,train
1376,train
1378,train
1380,test
1381,train
1382,train
1384,train
1386,train
1387,train
1389,train
1390,train
1391,train
1392,train
1393,train
1394,test
1395,train
1396,train
1397,test
1398,train
1399,test
1400,train
1401,train
1402,train
1403,test
1404,test
1406,train
1407,test
1408,test
1409,train
1410,train
1411,train
1412,train
1413,train
1414,train
1415,train
1416,train
1417,train
1418,train
1419,train
1420,test
1421,train
1422,train
1423,train
1425,train
1426,train
1427,test
1428,train
1429,train
1430,train
1432,train
1433,train
1434,train
1435,train
1436,train
1437,train
1438,train
1439,train
1440,train
1441,train
1442,train
1444,train
1445,train
1446,test
1447,train
1448,train
1450,train
1451,train
1453,train
1454,train
1455,train
1456,train
1458,train
1459,test
1460,train
1461,train
1462,train
1463,train
1465,train
1466,train
1467,train
1468,train
1469,train
1471,train
1473,train
1474,train
1475,train
1476,train
1477,test
1479,train
1480,test
1481,train
1482,train
1483,test
1484,test
1485,train
1486,train
1487,train
1488,test
1489,train
1490,train
1491,train
1492,train
1494,train
1495,train
1496,train
1498,train
1499,train
1500,train
1502,train
1504,train
1505,test
1507,test
1508,train
1510,train
1511,train
1512,test
1513,test
1514,train
1515,train
1516,train
1518,train
1519,train
1520,train
1522,train
1524,train
1525,test
1526,train
1527,train
1528,train
1530,train
1532,train
1533,train
1534,train
1535,train
1536,train
1537,test
1539,train
1540,train
1541,test
1542,train
1544,train
1545,test
1546,train
1547,train
1548,test
1549,train
1551,train
1552,train
1553,test
1555,train
1557,test
1558,train
1560,train
1561,train
1562,train
1564,test
1565,train
1566,train
1568,train
1571,train
1572,test
1573,train
1575,train
1576,test
1578,train
1579,train
1580,train
1581,train
1583,train
1584,test
1585,train
1587,train
1589,test
1591,train
1593,test
1595,test
1596,test
1598,train
1600,train
1602,test
1603,train
1604,train
1605,train
1606,train
1607,train
1609,train
1610,test
1611,train
1612,train
1613,train
1614,train
1615,train
1616,train
1617,train
1618,train
1619,test
1620,test
1621,train
1622,train
1623,test
1624,test
1625,test
1626,train
1627,train
1628,train
1629,train
1630,train
1631,train
1632,train
1633,train
1634,train
1636,train
1637,test
1638,train
1639,test
1640,train
1641,train
1642,train
1643,train
1644,train
1645,train
1646,test
1647,train
1648,train
1649,train
1651,train
1653,train
1654,train
1655,test
1656,train
1657,test
1658,train
1659,train
1660,test
1661,train
1662,train
1663,test
1664,train
1665,test
1666,train
1667,test
1668,train
1669,train
1670,test
1671,train
1672,train
1673,train
1674,train
1675,test
1676,train
1677,train
1678,test
1679,train
1680,test
1681,test
1682,train
1683,train
1684,train
1685,test
1686,train
1687,train
1688,train
1689,train
1690,train
1691,train
1692,test
1693,train
1694,train
1695,train
1696,train
1697,train
1698,train
1699,test
1700,train
1701,train
1702,test
1703,train
1704,train
1705,train
1706,train
1707,train
1708,train
1709,train
1710,train
1711,train
1712,train
1713,train
1714,train
1716,train
1717,train
1718,train
1719,train
1720,train
1721,train
1722,train
1723,train
1724,train
1725,train
1726,train
1727,train
1728,train
1730,train
1731,train
1732,train
1733,test
1734,train
1736,train
1738,train
1739,test
1740,train
1741,train
1742,train
1743,test
1745,train
1746,test
1747,train
1748,train
1749,train
1750,test
1751,train
1752,test
1753,test
1754,train
1755,train
1756,train
1757,train
1758,test
1759,train
1760,train
1761,train
1762,train
1763,train
1764,train
1765,train
1766,test
1767,test
1768,test
1769,test
1770,train
1771,test
1772,train
1773,train
1774,train
1775,train
1777,test
1779,train
1780,train
1781,train
1782,train
1783,train
1784,test
1785,train
1786,train
1787,train
1788,train
1789,train
1790,test
1791,train
1792,train
1793,test
1794,train
1795,train
1796,train
1797,train
1798,train
1799,test
1800,train
1801,train
1802,test
1803,train
1804,train
1805,train
1806,train
1807,train
1808,train
1809,train
1810,test
1811,train
1812,train
1813,train
1814,train
1815,train
1816,train
1818,train
1819,train
1820,test
1821,train
1822,train
1823,train
1824,train
1825,train
1826,train
1827,test
1829,train
1830,train
1831,train
1832,train
1833,test
1834,train
1835,train
1836,train
1837,train
1838,test
1839,train
1840,test
1841,train
1842,train
1843,train
1844,train
1845,train
1846,train
1847,test
1849,test
1850,test
1851,train
1852,train
1853,train
1854,train
1855,train
1856,train
1857,train
1858,train
1859,train
1860,train
1861,train
1862,test
1863,train
1864,train
1865,train
1866,train
1867,test
1869,train
1871,train
1872,test
1873,test
1874,train
1875,train
1876,train
1877,train
1878,test
1879,train
1880,train
1881,train
1882,test
1884,train
1885,test
1886,train
1888,train
1890,train
1891,train
1893,train
1894,train
1895,test
1897,train
1898,train
1899,test
1900,train
1901,train
1902,train
1903,train
1904,test
1906,train
1907,test
1908,train
1909,test
1910,train
1911,train
1912,train
1914,train
1916,train
1918,train
1919,train
1920,test
1922,train
1924,test
1926,train
1927,train
1928,train
1929,train
1931,train
1932,train
1933,train
1935,test
1936,train
1937,train
1939,train
1940,test
1942,train
1943,test
1944,test
1945,train
1946,train
1947,train
1948,train
1949,train
1950,train
1951,train
1952,train
1953,train
1954,train
1955,test
1956,train
1957,train
1958,train
1959,train
1960,train
1961,train
1962,train
1963,test
1964,train
1965,test
1966,train
1968,train
1969,train
1970,train
1971,train
1972,train
1973,test
1974,train
1975,train
1976,train
1977,train
1978,train
1979,train
1980,train
1981,test
1982,train
1983,test
1984,test
1985,train
1986,train
1987,train
1988,train
1989,test
1990,train
1991,test
1992,train
1993,test
1994,train
1995,train
1996,train
1997,train
1998,train
1999,train
2000,train
2001,test
2002,train
2003,test
2004,train
2005,test
2006,train
2007,train
2008,train
2009,train
2010,train
2011,train
2012,train
2013,train
2014,train
2015,train
2017,train
2018,train
2019,train
2020,train
2021,train
2022,train
2023,train
2024,test
2025,train
2026,train
2027,train
2028,train
2029,train
2030,train
2031,train
2032,train
2033,train
2034,test
2035,train
2036,train
2037,train
2038,test
2040,train
2041,train
2042,train
2043,train
2044,test
2045,test
2046,train
2047,train
2048,train
2049,train
2050,train
2051,test
2052,train
2053,train
2054,train
2055,train
2056,train
2057,train
2058,train
2059,train
2060,train
2061,train
2062,test
2063,train
2064,test
2065,train
2066,train
2067,train
2068,train
2069,train
2070,train
2071,train
2072,train
2073,train
2074,train
2075,train
2076,train
2077,train
2078,train
2079,train
2080,train
2081,train
2082,train
2083,test
2084,train
2085,test
2086,train
2087,train
2088,train
2089,test
2090,train
2091,test
2092,train
2093,train
2094,train
2095,train
2096,test
2097,train
2098,train
2099,train
2100,train
2101,train
2102,train
2103,train
2104,test
2105,test
2106,train
2107,train
2108,train
2109,train
2110,train
2111,train
2112,train
2113,train
2114,train
2115,train
2116,train
2117,train
2118,train
2119,train
2121,train
2122,train
2123,train
2125,test
2126,train
2127,train
2128,train
2129,train
2130,train
2131,train
2132,train
2133,train
2134,train
2135,train
2136,test
2137,test
2138,train
2139,train
2140,train
2141,train
2142,train
2143,test
2144,train
2145,train
2146,train
2147,train
2148,train
2149,train
2150,train
2151,train
2152,test
2153,train
2154,test
2155,test
2156,test
2158,train
2159,train
2160,train
2161,train
2162,train
2163,train
2164,train
2165,test
2166,train
2167,test
2168,test
2169,train
2170,train
2171,train
2172,train
2173,train
2174,test
2175,train
2176,train
2177,train
2178,train
2179,train
2180,train
2181,test
2182,train
2183,train
2184,test
2185,train
2186,test
2187,test
2188,train
2189,train
2190,train
2191,train
2192,train
2193,train
2194,train
2195,train
2197,train
2198,train
2199,train
2200,train
2202,train
2203,train
2204,train
2205,train
2206,train
2207,train
2208,train
2209,train
2210,train
2211,train
2212,train
2214,train
2215,test
2216,train
2217,train
2218,test
2219,train
2220,train
2221,test
2222,train
2223,train
2224,train
2225,test
2226,test
2227,test
2228,train
2229,train
2230,train
2231,train
2232,train
2233,train
2234,train
2235,train
2236,train
2237,train
2238,train
2239,train
2240,test
2241,train
2242,test
2243,train
2244,train
2245,test
2246,train
2248,train
2250,train
2252,train
2253,train
2254,train
2255,test
2256,train
2257,train
2258,train
2259,train
2260,train
2261,train
2262,train
2263,test
2264,test
2265,train
2266,test
2267,train
2268,train
2269,train
2270,train
2271,train
2272,train
2273,train
2275,train
2276,train
2277,train
2278,train
2279,test
2280,train
2281,train
2282,train
2283,train
2284,train
2285,test
2286,train
2287,train
2288,train
2289,train
2290,train
2291,train
2293,train
2294,train
2295,train
2296,test
2298,train
2299,test
2300,test
2301,train
2302,train
2303,train
2304,train
2305,train
2307,train
2308,train
2309,train
2310,train
2311,train
2312,train
2313,train
2315,train
2316,test
2317,train
2318,train
2319,train
2320,train
2321,train
2322,test
2323,test
2324,train
2325,train
2326,train
2327,train
2328,train
2329,train
2330,train
2331,train
2332,train
2333,test
2334,train
2335,train
2336,train
2337,train
2338,test
2339,train
2340,train
2341,test
2342,test
2343,train
2344,train
2345,train
2346,train
2347,train
2348,train
2349,train
2350,train
2351,train
2352,train
2353,train
2354,test
2355,train
2356,test
2357,train
2358,test
2359,test
2360,train
2361,train
2362,train
2363,train
2364,test
2365,train
2366,train
2367,train
2368,test
2369,train
2370,train
2371,test
2372,train
2373,train
2374,train
2375,train
2376,train
2377,train
2378,train
2379,train
2380,train
2381,test
2382,test
2383,train
2384,train
2385,train
2386,train
2387,train
2388,test
2389,train
2390,train
2391,train
2392,train
2393,train
2394,train
2395,train
2396,train
2397,test
2398,test
2399,train
2400,train
2401,train
2403,train
2404,test
2405,train
2406,train
2407,train
2408,train
2409,train
2410,train
2411,train
2412,train
2413,train
2414,test
2415,train
2416,test
2417,train
2418,train
2419,train
2420,train
2421,train
2422,train
2423,train
2424,train
2425,test
2426,train
2427,train
2428,train
2429,test
2430,test
2431,test
2432,train
2433,test
2434,train
2435,train
2436,test
2437,train
2438,train
2439,train
2440,train
2441,train
2442,test
2443,train
2444,train
2445,train
2446,test
2447,test
2448,train
2449,train
2450,train
2451,test
2452,train
2453,test
2454,test
2455,train
2456,train
2457,train
2458,train
2459,train
2460,test
2461,train
2462,train
2463,train
2464,train
2465,train
2466,train
2467,test
2468,train
2469,test
2470,train
2471,train
2472,train
2473,train
2474,train
2475,test
2476,train
2477,train
2478,train
2479,train
2480,train
2481,train
2482,train
2483,train
2484,train
2485,test
2486,test
2487,train
2488,train
2489,train
2490,train
2491,train
2492,train
2493,train
2494,train
2495,train
2496,train
2497,train
2498,train
2499,train
2500,train
2501,train
2502,train
2503,test
2504,train
2505,test
2506,train
2507,train
2508,train
2509,train
2510,train
2511,train
2512,train
2513,train
2514,train
2515,train
2516,test
2517,train
2518,train
2519,train
2520,train
2521,train
2522,train
2523,train
2524,train
2525,test
2526,train
2527,train
2528,train
2529,train
2530,train
2531,train
2532,train
2533,test
2534,test
2535,train
2536,train
2537,train
2538,train
2539,train
2540,test
2541,train
2542,train
2543,test
2544,train
2545,train
2546,train
2547,train
2548,train
2549,train
2550,train
2551,train
2552,test
2553,train
2554,train
2555,test
2556,train
2557,test
2558,train
2559,test
2560,train
2561,train
2562,train
2563,test
2564,train
2565,train
2566,test
2567,train
2568,train
2569,train
2570,train
2571,train
2572,test
2573,train
2574,train
2575,test
2576,train
2577,train
2578,train
2579,train
2580,train
2581,train
2582,train
2583,train
2584,train
2585,train
2586,train
2587,test
2588,train
2589,train
2590,train
2591,train
2592,test
2593,train
2594,train
2595,test
2596,train
2597,train
2598,train
2599,train
2600,train
2601,train
2602,train
2603,test
2604,test
2605,test
2606,test
2607,test
2608,train
2609,train
2610,train
2611,train
2612,train
2613,train
2614,train
2615,train
2616,train
2617,train
2618,train
2619,train
2620,test
2621,test
2622,test
2623,train
2624,train
2625,train
2626,train
2627,test
2628,train
2629,train
2630,train
2631,train
2632,test
2633,train
2634,train
2635,test
2636,train
2637,test
2638,train
2639,train
2640,test
2641,train
2642,train
2643,train
2644,train
2645,train
2646,train
2647,train
2648,train
2649,train
2650,train
2651,train
2652,train
2653,train
2654,test
2655,train
2656,train
2657,train
2658,train
2659,train
2660,train
2661,train
2662,test
2663,train
2664,train
2665,train
2666,train
2667,test
2668,test
2669,train
2670,test
2671,train
2672,test
2673,train
2674,test
2675,train
2676,train
2677,train
2678,train
2679,test
2680,test
2681,train
2682,train
2683,train
2684,train
2685,train
2686,test
2687,train
2688,test
2689,test
2690,train
2691,train
2692,train
2693,train
2694,train
2695,train
2696,train
2697,train
2698,test
2699,train
2700,train
2701,train
2702,test
2703,train
2704,train
2705,train
2706,train
2707,test
2708,train
2709,train
2710,test
2711,train
2712,train
2713,test
2714,train
2715,train
2716,train
2717,train
2718,test
2719,train
2720,train
2721,train
2722,test
2723,train
2724,train
2725,train
2726,train
2727,train
2728,train
2729,train
2730,train
2731,test
2732,train
2733,train
2734,test
2735,train
2736,train
2737,test
2738,train
2739,train
2740,train
2741,train
2742,test
2743,train
2744,train
2745,train
2746,test
2747,train
2748,train
2749,test
2750,train
2751,train
2752,train
2753,train
2754,train
2755,test
2756,train
2757,train
2758,train
2759,train
2760,train
2761,train
2762,train
2763,train
2764,train
2765,train
2766,train
2767,train
2768,train
2769,train
2770,train
2771,train
2772,train
2773,train
2774,train
2775,train
2776,train
2777,train
2778,train
2779,test
2780,train
2781,train
2782,train
2783,train
2784,train
2785,train
2786,train
2787,train
2788,train
2789,train
2790,train
2791,train
2792,train
2793,train
2794,train
2795,train
2796,train
2797,test
2798,train
2799,train
2801,test
2802,train
2803,train
2804,test
2805,test
2806,train
2807,train
2808,test
2809,train
2810,train
2811,train
2812,train
2813,train
2814,train
2815,train
2816,train
2817,train
2818,train
2819,train
2820,train
2821,train
2822,train
2823,train
2824,train
2825,test
2826,train
2827,test
2828,train
2829,test
2830,test
2831,test
2832,train
2833,train
2834,train
2835,test
2836,test
2837,train
2838,train
2839,train
2840,train
2841,test
2842,test
2843,test
2844,test
2845,test
2846,train
2847,test
2848,train
2849,train
2850,train
2851,train
2852,train
2853,train
2854,test
2855,train
2856,train
2857,train
2858,train
2859,train
2860,train
2861,train
2862,train
2863,train
2864,train
2865,train
2866,train
2867,test
2868,train
2869,train
2870,train
2871,test
2872,train
2873,train
2874,train
2875,train
2876,train
2877,train
2878,train
2879,train
2880,test
2881,train
2882,train
2883,train
2884,train
2885,train
2886,train
2887,train
2888,train
2889,train
2890,train
2891,test
2892,test
2893,train
2894,test
2895,train
2896,test
2897,train
2898,train
2899,train
2900,test
2901,test
2902,train
2903,train
2904,test
2905,train
2906,train
2907,train
2908,test
2909,train
2910,train
2911,train
2912,train
2913,train
2914,train
2915,train
2916,train
2917,test
2918,train
2919,train
2920,train
2921,train
2922,train
2923,train
2924,train
2925,test
2926,train
2927,train
2928,train
2929,train
2930,test
2931,test
2932,train
2933,train
2934,train
2935,train
2936,train
2937,train
2938,train
2939,train
2940,train
2941,train
2942,train
2943,train
2944,train
2945,train
2946,train
2947,train
2948,test
2949,train
2950,train
2951,train
2952,train
2953,train
2954,train
2955,train
2956,train
2957,train
2958,test
2959,train
2960,train
2961,train
2962,train
2963,train
2964,train
2965,train
2966,train
2967,test
2968,train
2969,test
2970,test
2971,train
2972,train
2973,train
2974,train
2975,test
2976,train
2977,train
2978,train
2979,train
2980,train
2981,train
2982,train
2983,train
2984,train
2985,train
2986,train
2987,train
2988,train
2989,train
2990,train
2991,train
2992,train
2993,train
2994,train
2995,train
2996,train
2997,train
2998,train
2999,train
3000,train
3001,train
3002,train
3003,train
3004,test
3005,train
3007,train
3008,train
3009,train
3010,train
3011,train
3012,train
3013,train
3014,train
3015,train
3016,train
3017,train
3018,train
3019,train
3020,train
3021,train
3022,train
3023,train
3024,test
3025,train
3026,train
3027,train
3028,train
3029,train
3030,test
3031,train
3032,train
3033,train
3034,train
3035,test
3036,train
3037,test
3038,train
3039,train
3040,train
3041,train
3042,train
3043,test
3044,train
3045,train
3046,train
3047,train
3048,train
3049,train
3051,train
3052,train
3053,train
3054,test
3055,train
3056,train
3057,train
3058,train
3059,train
3060,train
3061,train
3062,train
3063,train
3064,test
3065,test
3066,train
3067,train
3068,train
3069,train
3070,train
3071,train
3072,train
3073,train
3074,train
3076,train
3077,test
3078,train
3079,train
3080,train
3081,train
3082,train
3083,test
3084,train
3085,train
3086,train
3087,train
3088,train
3089,test
3090,train
3091,train
3092,train
3093,test
3094,train
3095,train
3096,train
3097,train
3098,test
3099,train
3100,train
3101,test
3102,train
3103,test
3104,train
3105,train
3106,train
3107,train
3108,train
3109,train
3110,train
3111,train
3112,train
3113,test
3114,train
3115,train
3116,train
3117,train
3118,test
3119,train
3120,train
3121,train
3122,train
3123,train
3124,train
3125,train
3126,train
3127,train
3128,test
3129,test
3130,train
3131,train
3132,test
3133,train
3134,train
3135,train
3136,train
3137,train
3138,test
3139,train
3140,train
3141,train
3142,train
3143,train
3144,train
3145,train
3146,test
3147,train
3148,test
3149,train
3150,train
3151,test
3152,train
3153,train
3154,train
3155,train
3156,train
3157,train
3158,train
3159,train
3160,train
3161,train
3162,train
3163,train
3164,train
3166,train
3167,train
3169,test
3170,train
3171,train
3172,train
3173,train
3174,train
3175,test
3176,test
3177,test
3178,train
3179,train
3180,train
3181,test
3182,train
3183,train
3184,test
3185,train
3186,train
3187,train
3188,train
3189,train
3191,train
3192,train
3193,train
3195,train
3196,test
3197,test
3198,train
3199,train
3200,train
3202,train
3203,train
3204,test
3205,train
3207,train
3208,train
3209,test
3210,train
3211,test
3212,train
3213,train
3214,train
3215,train
3216,train
3217,test
3219,test
3221,train
3222,test
3223,test
3225,train
3226,train
3228,train
3229,test
3230,train
3231,test
3232,train
3233,train
3234,train
3235,train
3236,train
3237,train
3238,train
3240,train
3242,test
3243,train
3244,test
3245,test
3246,train
3247,test
3248,test
3249,train
3250,train
3251,train
3252,train
3253,train
3254,train
3255,test
3256,test
3257,test
3258,train
3259,train
3260,train
3261,train
3262,test
3263,train
3264,train
3265,train
3266,test
3267,train
3269,test
3270,test
3271,train
3272,train
3273,train
3274,train
3275,train
3276,train
3277,train
3278,train
3279,train
3280,test
3281,train
3282,train
3283,train
3284,train
3285,train
3286,train
3287,train
3288,train
3289,train
3290,train
3291,test
3292,test
3293,test
3294,train
3295,test
3296,train
3297,train
3298,train
3300,train
3301,test
3302,train
3303,train
3304,train
3305,train
3306,train
3307,train
3308,train
3310,train
3311,train
3312,train
3313,test
3315,test
3316,train
3317,test
3318,train
3319,train
3320,train
3321,train
3322,train
3323,test
3324,train
3325,test
3326,train
3327,train
3328,train
3329,test
3330,train
3331,train
3333,train
3335,test
3336,train
3337,test
3343,test
3344,train
3345,train
3346,train
3347,test
3348,train
3349,train
3350,train
3351,train
3352,train
3353,test
3354,train
3355,train
3356,train
3357,test
3358,test
3359,train
3360,train
3361,train
3362,train
3363,train
3364,train
3365,train
3366,train
3367,test
3368,test
3369,train
3370,test
3371,train
3372,train
3373,test
3374,test
3375,train
3376,train
3377,train
3378,train
3379,train
3380,train
3381,test
3382,train
3383,train
3384,train
3385,train
3386,train
3387,train
3388,test
3389,train
3390,test
3391,train
3392,train
3393,train
3394,train
3395,train
3396,train
3397,train
3398,train
3399,train
3400,train
3401,train
3402,train
3403,train
3404,train
3405,train
3406,train
3407,train
3408,train
3409,train
3410,train
3411,train
3412,train
3413,train
3414,train
3415,train
3416,train
3417,train
3418,train
3419,train
3420,train
3421,train
3422,train
3423,test
3424,train
3425,train
3426,test
3427,train
3428,train
3429,train
3430,train
3431,train
3432,train
3433,train
3434,train
3435,train
3436,test
3437,train
3438,train
3439,train
3440,train
3441,train
3442,train
3443,train
3444,train
3445,train
3446,test
3447,train
3448,train
3449,test
3450,train
3451,train
3452,test
3453,train
3454,train
3455,train
3456,train
3457,train
3458,train
3459,train
3460,train
3461,test
3462,train
3463,train
3464,train
3465,train
3466,train
3467,train
3468,train
3469,train
3470,train
3471,train
3472,train
3473,test
3474,train
3475,train
3476,test
3477,train
3478,train
3480,train
3481,train
3482,train
3483,train
3484,train
3485,train
3486,train
3488,train
3489,train
3490,train
3491,test
3492,train
3493,train
3494,train
3495,train
3496,train
3497,train
3498,test
3499,train
3500,train
3501,train
3502,train
3503,train
3504,train
3505,train
3506,train
3507,test
3508,train
3509,test
3510,train
3511,train
3512,train
3514,train
3515,train
3516,train
3517,train
3519,train
3520,test
3521,train
3522,train
3523,train
3524,train
3526,train
3527,train
3528,train
3529,test
3530,train
3531,train
3532,test
3534,train
3536,train
3538,test
3539,train
3540,test
3541,train
3542,train
3543,train
3544,train
3545,test
3546,train
3547,test
3548,train
3549,test
3550,train
3551,train
3552,train
3553,train
3554,train
3555,test
3556,train
3557,train
3558,train
3559,train
3560,train
3561,train
3562,test
3563,train
3564,test
3565,test
3567,test
3568,train
3569,train
3570,train
3571,train
3572,train
3573,train
3574,train
3575,train
3576,train
3577,train
3578,train
3579,test
3580,test
3581,train
3582,train
3583,train
3584,train
3585,train
3586,train
3587,train
3588,train
3589,train
3590,train
3591,train
3592,train
3593,train
3594,train
3595,test
3596,train
3597,train
3599,train
3600,train
3601,test
3602,train
3604,train
3605,test
3606,test
3607,train
3608,test
3609,train
3610,train
3611,train
3612,train
3613,train
3614,train
3615,train
3616,train
3617,train
3618,train
3619,train
3620,train
3621,train
3622,test
3623,train
3624,train
3625,test
3626,train
3627,train
3628,train
3629,train
3630,train
3631,test
3632,train
3633,train
3634,train
3635,train
3636,train
3637,train
3638,train
3639,train
3640,test
3641,train
3642,train
3643,train
3644,train
3645,train
3646,test
3647,train
3648,train
3649,train
3650,train
3651,train
3652,train
3653,test
3654,train
3655,train
3656,test
3657,test
3658,train
3660,train
3661,train
3662,train
3663,train
3664,train
3665,train
3666,train
3667,test
3668,train
3669,train
3670,train
3671,train
3672,test
3673,train
3674,train
3675,test
3676,test
3677,train
3678,test
3679,train
3680,train
3681,train
3682,train
3683,train
3684,train
3685,train
3686,train
3687,train
3689,test
3690,train
3691,train
3692,test
3693,train
3694,train
3695,train
3696,test
3697,train
3699,train
3700,train
3701,train
3703,train
3704,train
3705,test
3706,test
3707,train
3708,train
3710,train
3711,train
3712,train
3713,train
3714,train
3715,train
3716,test
3718,train
3720,train
3721,train
3722,train
3723,test
3724,test
3725,train
3726,train
3727,train
3728,test
3729,test
3731,test
3732,train
3733,train
3734,train
3735,train
3736,train
3738,train
3739,train
3740,train
3741,train
3742,train
3743,train
3744,train
3745,train
3746,train
3747,test
3748,train
3749,test
3750,test
3751,train
3752,train
3753,train
3754,test
3755,train
3756,train
3757,test
3758,train
3759,train
3760,train
3761,test
3762,train
3763,test
3764,train
3765,train
3766,train
3767,train
3768,train
3769,train
3770,test
3771,test
3772,train
3773,train
3774,train
3775,train
3776,train
3777,train
3778,train
3779,train
3780,train
3782,test
3783,test
3784,train
3785,test
3786,test
3787,train
3788,train
3789,test
3790,test
3791,train
3792,test
3793,train
3794,train
3795,train
3796,train
3797,train
3798,train
3799,train
3800,train
3801,test
3802,train
3803,test
3804,test
3805,test
3806,train
3807,train
3808,train
3809,train
3810,test
3811,train
3812,train
3813,train
3814,train
3815,train
3816,train
3817,train
3818,train
3819,train
3820,train
3821,train
3822,train
3823,train
3824,train
3825,test
3826,train
3827,train
3828,train
3829,train
3830,train
3831,train
3832,train
3833,test
3834,train
3835,train
3836,train
3837,test
3838,train
3839,test
3840,train
3841,test
3842,train
3843,train
3844,train
3845,test
3846,train
3847,train
3848,test
3849,train
3850,train
3851,train
3852,train
3853,train
3854,train
3855,test
3856,test
3857,train
3858,test
3860,train
3861,train
3862,train
3863,train
3864,train
3865,test
3866,test
3867,train
3868,train
3869,train
3870,train
3871,train
3872,test
3873,train
3874,train
3875,train
3876,train
3877,train
3878,train
3879,test
3881,train
3882,test
3883,train
3884,train
3885,train
3886,test
3887,train
3888,train
3890,train
3891,train
3892,train
3893,train
3894,train
3895,train
3896,train
3897,train
3898,train
3899,train
3900,train
3901,test
3902,train
3903,train
3904,train
3905,train
3907,train
3909,train
3910,train
3912,test
3914,train
3916,train
3918,test
3920,train
3921,train
3923,test
3925,test
3926,train
3928,test
3930,train
3931,train
3933,train
3935,test
3936,train
3938,train
3939,train
3940,test
3941,train
3943,train
3945,train
3947,train
3948,train
3950,train
3951,train
3952,test
3953,test
3954,train
3955,test
3956,train
3958,train
3959,train
3960,train
3961,train
3962,train
3963,train
3964,test
3965,train
3966,train
3967,train
3968,train
3969,train
3970,train
3971,train
3972,train
3973,test
3974,test
3975,train
3976,test
3977,test
3978,test
3979,test
3980,train
3981,train
3982,train
3983,test
3984,train
3985,train
3986,train
3987,test
3988,train
3989,test
3990,train
3991,test
3992,test
3993,test
3994,train
3995,test
3996,train
3997,train
3998,train
3999,train
4000,train
4001,train
4003,test
4004,train
4006,train
4008,train
4009,train
4010,train
4011,train
4012,test
4013,train
4015,train
4016,train
4017,test
4018,train
4019,train
4020,train
4021,train
4022,train
4024,train
4026,train
4027,train
4029,train
4030,train
4032,train
4033,train
4034,train
4035,test
4036,train
4037,train
4038,test
4039,train
4040,train
4041,train
4043,train
4045,train
4047,train
4049,train
4051,test
4052,train
4053,test
4054,train
4056,train
4058,train
4060,train
4061,train
4063,test
4065,train
4066,train
4067,train
4068,train
4069,train
4071,train
4072,train
4073,train
4074,train
4076,train
4077,train
4078,test
4079,train
4080,train
4081,test
4082,train
4083,train
4084,train
4085,test
4086,test
4088,train
4090,train
4092,test
4094,train
4095,train
4096,train
4097,train
4099,train
4101,train
4103,train
4105,train
4106,train
4108,test
4110,train
4111,train
4112,train
4113,train
4114,train
4115,test
4116,train
4117,train
4118,train
4119,train
4120,train
4122,train
4124,train
4125,train
4126,train
4127,train
4129,train
4131,train
4132,test
4134,train
4135,train
4136,train
4137,train
4139,train
4140,test
4141,train
4143,train
4145,test
4147,train
4148,train
4149,train
4150,train
4151,test
4152,train
4153,train
4154,train
4155,train
4156,train
4157,train
4158,test
4160,train
4161,train
4162,train
4164,train
4165,train
4166,train
4167,train
4168,test
4169,train
4171,train
4172,train
4173,train
4175,train
4176,train
4177,train
4178,train
4179,train
4180,test
4181,test
4182,train
4183,train
4184,train
4185,test
4186,test
4188,test
4190,train
4191,train
4192,train
4194,train
4196,train
4197,train
4198,train
4199,train
4201,train
4202,train
4204,train
4205,train
4206,test
4207,train
4209,train
4210,train
4212,train
4213,train
4215,train
4217,train
4219,train
4221,test
4223,train
4225,train
4227,test
4228,train
4230,test
4231,train
4233,train
4234,test
4235,train
4236,train
4237,train
4238,train
4239,test
4240,train
4242,train
4244,train
4245,test
4246,train
4248,train
4249,train
4250,train
4251,train
4253,train
4254,train
4255,train
4256,train
4258,train
4259,test
4260,train
4262,train
4263,test
4265,train
4267,train
4269,train
4270,train
4272,train
4273,train
4274,test
4276,train
4277,test
4279,train
4280,train
4282,train
4283,train
4284,train
4285,train
4287,test
4288,train
4289,train
4290,test
4291,train
4292,train
4294,train
4295,train
4296,train
4297,train
4298,test
4299,train
4301,train
4302,train
4303,train
4304,train
4306,test
4307,train
4308,train
4309,train
4310,train
4311,test
4312,train
4313,train
4315,test
4317,train
4318,test
4319,test
4320,train
4321,train
4323,test
4324,train
4325,train
4326,train
4327,train
4328,train
4329,train
4330,train
4332,train
4333,train
4334,train
4335,train
4336,train
4337,train
4338,train
4339,test
4340,train
4341,test
4342,train
4343,train
4344,train
4345,test
4346,train
4348,train
4349,train
4350,train
4352,train
4353,train
4354,train
4355,train
4356,train
4357,train
4358,train
4359,train
4360,train
4361,train
4362,test
4363,train
4364,train
4365,test
4366,train
4367,train
4368,train
4369,train
4370,train
4371,train
4372,train
4373,train
4374,train
4376,train
4377,train
4379,train
4380,test
4381,train
4382,train
4383,train
4384,train
4385,train
4386,train
4388,train
4390,train
4392,train
4393,train
4394,train
4395,train
4396,train
4397,test
4398,train
4399,train
4400,train
4401,test
4402,train
4403,train
4404,test
4405,train
4406,train
4407,train
4408,train
4409,train
4411,train
4412,train
4413,train
4415,test
4417,train
4419,train
4421,test
4422,train
4424,train
4426,train
4427,test
4429,test
4430,test
4431,train
4432,train
4433,train
4434,test
4435,train
4436,test
4437,train
4439,train
4440,test
4441,train
4442,train
4443,train
4444,train
4445,train
4446,test
4447,train
4448,train
4449,test
4450,train
4451,train
4452,train
4453,train
4454,train
4455,train
4456,train
4458,train
4460,train
4462,train
4463,train
4464,train
4466,train
4467,test
4469,train
4471,test
4472,test
4473,train
4474,train
4475,train
4476,train
4477,test
4478,train
4479,test
4480,test
4481,test
4482,train
4483,train
4484,train
4485,train
4486,test
4488,train
4489,train
4490,train
4491,train
4492,train
4493,train
4494,train
4495,train
4496,train
4497,train
4498,train
4499,train
4500,train
4501,test
4502,train
4503,train
4504,test
4505,train
4506,train
4508,test
4510,test
4511,train
4512,train
4513,train
4514,train
4516,train
4517,train
4519,train
4521,test
4522,train
4524,test
4526,train
4528,train
4529,test
4530,train
4531,train
4533,train
4534,train
4536,train
4538,train
4540,train
4541,train
4543,train
4545,train
4546,train
4548,train
4549,train
4550,train
4551,train
4552,train
4553,test
4554,train
4555,train
4556,train
4558,train
4559,train
4561,train
4562,test
4564,train
4566,train
4567,train
4568,train
4570,train
4571,train
4572,train
4573,train
4575,test
4577,train
4578,train
4579,train
4580,train
4582,train
4583,train
4584,train
4585,train
4586,train
4588,train
4590,test
4592,train
4593,train
4594,train
4595,train
4596,train
4597,train
4598,train
4599,test
4600,train
4601,train
4602,train
4603,train
4604,test
4605,test
4606,train
4607,test
4608,train
4609,test
4610,train
4612,train
4613,train
4614,train
4615,train
4616,train
4617,test
4618,train
4619,train
4620,train
4622,test
4624,train
4626,test
4627,train
4628,train
4629,train
4630,train
4631,train
4632,train
4633,train
4634,train
4636,train
4637,train
4639,train
4640,train
4641,test
4642,train
4643,train
4644,train
4645,test
4646,train
4647,train
4648,train
4649,train
4650,train
4651,train
4652,train
4654,train
4655,test
4657,train
4659,train
4660,train
4661,train
4662,test
4663,train
4664,train
4665,train
4666,train
4667,train
4668,train
4670,train
4672,test
4673,train
4674,train
4675,train
4676,test
4677,train
4678,train
4679,test
4680,train
4681,train
4682,train
4683,test
4685,train
4686,train
4687,train
4688,train
4689,test
4690,train
4691,train
4692,train
4693,train
4694,train
4696,train
4697,train
4698,train
4699,train
4700,train
4701,train
4703,train
4704,train
4705,train
4706,train
4707,train
4708,test
4709,train
4710,train
4712,train
4714,train
4716,train
4717,train
4719,train
4720,train
4722,test
4724,train
4725,train
4726,test
4727,test
4728,train
4730,train
4732,test
4733,train
4735,train
4737,train
4738,test
4739,train
4740,train
4741,train
4742,test
4743,train
4744,train
4745,train
4747,train
4748,train
4749,train
4750,train
4751,train
4753,train
4754,test
4755,train
4756,test
4757,train
4758,test
4759,train
4760,train
4761,test
4763,train
4764,train
4765,train
4767,train
4769,train
4770,train
4771,train
4772,test
4774,test
4776,train
4777,train
4778,train
4779,train
4780,train
4781,test
4783,test
4785,test
4786,test
4788,test
4789,train
4791,train
4792,test
4793,train
4794,train
4795,train
4796,train
4797,train
4798,train
4799,train
4801,train
4802,train
4804,train
4805,train
4807,train
4808,train
4809,train
4811,train
4813,train
4814,train
4816,train
4817,train
4819,train
4821,train
4823,train
4824,test
4825,test
4826,train
4827,train
4829,train
4831,train
4833,train
4835,train
4836,train
4838,train
4839,test
4840,train
4841,train
4842,train
4843,train
4844,train
4845,train
4846,train
4847,train
4848,train
4849,test
4850,train
4851,train
4852,train
4853,train
4854,train
4855,train
4856,test
4857,test
4858,test
4859,train
4860,train
4861,train
4863,train
4864,train
4865,train
4866,train
4867,train
4868,train
4869,test
4870,train
4871,train
4872,train
4873,train
4874,train
4875,train
4876,train
4877,test
4878,train
4879,train
4880,test
4881,train
4882,train
4883,train
4884,test
4885,test
4886,train
4887,train
4888,train
4889,train
4890,train
4891,train
4892,train
4893,train
4894,train
4895,train
4896,train
4897,train
4898,train
4899,train
4900,train
4901,train
4902,train
4903,train
4905,train
4906,train
4907,train
4908,test
4909,train
4910,train
4912,train
4913,train
4914,test
4915,train
4916,train
4917,train
4918,train
4919,train
4920,test
4921,test
4922,train
4923,train
4924,test
4925,train
4926,train
4927,train
4929,train
4930,train
4931,train
4932,test
4933,train
4935,train
4936,train
4937,train
4938,train
4939,train
4940,train
4941,train
4942,train
4943,train
4944,train
4945,train
4946,test
4947,train
4949,train
4950,test
4952,train
4954,train
4955,test
4956,train
4957,train
4958,train
4959,train
4960,train
4961,train
4962,train
4964,train
4965,train
4966,train
4967,train
4968,train
4969,train
4970,train
4971,train
4972,train
4973,train
4974,train
4976,test
4977,train
4978,train
4979,train
4980,train
4982,train
4983,train
4984,train
4985,train
4986,train
4987,train
4988,train
4989,train
4990,train
4991,train
4992,train
4993,test
4994,train
4995,train
4996,test
4997,train
4998,train
4999,train
5000,test
5001,test
5003,train
5004,train
5005,train
5006,train
5007,train
5008,test
5009,train
5010,train
5011,train
5012,train
5013,test
5014,train
5015,train
5016,train
5017,train
5018,train
5019,train
5020,train
5022,train
5024,train
5025,train
5026,train
5027,test
5028,train
5029,test
5030,train
5031,train
5032,train
5033,train
5035,train
5036,train
5037,train
5039,train
5040,train
5042,test
5043,test
5044,train
5045,train
5046,train
5047,train
5048,train
5049,test
5051,train
5052,train
5054,train
5056,train
5057,train
5059,test
5060,train
5061,train
5062,train
5064,train
5065,train
5066,train
5067,train
5068,train
5069,train
5070,train
5071,train
5072,train
5073,test
5074,train
5075,train
5076,train
5077,train
5078,train
5080,train
5082,train
5083,train
5084,train
5085,test
5086,train
5087,train
5088,train
5089,test
5090,train
5091,train
5092,test
5093,train
5094,test
5095,test
5096,train
5097,train
5098,train
5099,train
5100,train
5101,train
5102,test
5103,train
5105,train
5106,train
5107,train
5108,test
5109,train
5110,train
5112,test
5113,train
5114,train
5115,train
5116,train
5117,train
5118,train
5119,train
5120,test
5122,train
5123,train
5124,train
5125,train
5126,train
5127,train
5128,train
5129,test
5130,train
5131,test
5132,train
5133,train
5134,train
5135,train
5136,train
5137,train
5138,train
5139,train
5140,test
5141,train
5142,train
5143,train
5144,test
5145,train
5146,train
5147,test
5148,train
5149,train
5150,train
5151,train
5152,train
5153,train
5154,train
5155,train
5156,train
5157,train
5158,test
5159,train
5160,train
5161,train
5162,train
5163,test
5164,train
5165,test
5166,train
5167,train
5168,train
5169,train
5170,test
5171,train
5172,test
5173,train
5175,train
5176,train
5177,test
5178,train
5179,train
5180,train
5181,train
5182,train
5183,train
5184,train
5185,test
5186,train
5187,test
5188,train
5189,train
5190,train
5191,train
5192,train
5194,train
5196,test
5197,train
5198,train
5199,train
5200,test
5201,train
5202,test
5203,train
5204,train
5205,train
5206,train
5207,train
5209,train
5210,train
5211,test
5212,train
5213,test
5214,train
5215,train
5216,train
5217,train
5218,train
5219,train
5220,train
5221,train
5222,train
5223,train
5224,train
5225,test
5226,train
5228,train
5229,train
5230,train
5231,train
5232,train
5233,train
5234,train
5235,train
5236,train
5237,train
5238,train
5239,test
5240,train
5241,train
5242,test
5243,test
5244,train
5245,train
5247,train
5248,train
5249,train
5250,train
5251,train
5252,test
5254,train
5255,train
5256,train
5257,test
5258,train
5259,train
5260,train
5261,train
5262,train
5263,train
5264,train
5265,test
5266,train
5268,train
5270,test
5272,test
5274,train
5275,train
5276,train
5277,train
5278,train
5279,train
5280,train
5281,train
5282,train
5283,train
5284,train
5285,test
5286,train
5287,train
5288,test
5289,train
5290,train
5291,train
5292,train
5293,test
5294,train
5295,train
5296,test
5297,train
5298,train
5299,train
5301,train
5302,train
5303,train
5304,train
5305,test
5306,train
5307,train
5308,train
5309,train
5310,test
5311,test
5312,train
5313,train
5314,train
5315,train
5316,train
5317,train
5318,train
5319,train
5320,train
5321,train
5322,train
5323,train
5324,train
5325,test
5326,train
5327,train
5328,train
5329,test
5330,train
5331,test
5332,test
5333,test
5334,train
5335,train
5336,train
5337,train
5338,train
5339,train
5340,train
5341,train
5342,train
5343,train
5344,train
5345,train
5346,train
5347,train
5348,test
5349,train
5350,test
5351,train
5352,train
5353,train
5355,test
5357,train
5358,train
5359,train
5360,train
5361,train
5362,train
5363,train
5365,train
5366,train
5367,train
5368,train
5369,test
5370,test
5371,train
5372,train
5373,test
5374,train
5375,train
5376,train
5377,train
5378,train
5379,train
5380,train
5381,train
5382,train
5383,train
5384,train
5385,test
5386,train
5387,train
5388,train
5389,train
5390,train
5391,test
5392,train
5394,train
5395,train
5396,train
5397,train
5398,train
5399,train
5400,train
5401,train
5402,train
5403,train
5404,train
5405,test
5406,train
5407,test
5408,test
5409,train
5410,train
5411,train
5412,train
5414,train
5415,test
5417,train
5418,train
5419,train
5420,train
5421,train
5422,test
5423,train
5424,train
5425,train
5426,train
5427,train
5428,train
5429,train
5430,train
5431,train
5432,train
5433,test
5434,train
5435,train
5436,train
5437,train
5438,test
5439,train
5440,train
5441,train
5442,train
5443,train
5444,train
5445,train
5446,train
5447,train
5448,train
5449,train
5450,train
5451,train
5452,train
5453,train
5454,train
5455,train
5456,train
5457,test
5459,test
5461,train
5462,train
5464,train
5465,train
5466,train
5467,train
5469,train
5471,test
5472,train
5473,train
5474,train
5475,train
5476,test
5477,train
5478,train
5479,train
5481,train
5482,train
5483,train
5484,test
5485,train
5486,train
5487,test
5488,train
5489,test
5490,train
5491,train
5492,test
5493,test
5494,train
5495,train
5496,test
5499,train
5500,train
5501,test
5502,train
5503,train
5505,train
5506,train
5507,test
5509,train
5510,test
5511,train
5512,test
5513,train
5514,train
5516,train
5517,train
5518,train
5519,train
5520,train
5521,train
5522,train
5524,train
5526,train
5527,train
5528,train
5529,test
5530,train
5531,test
5532,train
5533,test
5534,train
5535,train
5536,train
5538,train
5539,train
5540,train
5542,train
5543,train
5544,train
5545,train
5546,train
5547,train
5548,test
5549,test
5550,test
5551,train
5552,train
5553,train
5554,test
5555,train
5556,train
5557,train
5559,test
5560,train
5562,train
5563,train
5565,train
5566,train
5567,train
5568,train
5569,test
5570,train
5571,train
5572,train
5573,train
5574,train
5575,train
5576,train
5577,test
5578,train
5579,train
5580,test
5581,train
5582,train
5583,train
5584,train
5585,train
5586,train
5587,train
5588,train
5589,train
5590,train
5591,train
5592,train
5593,train
5594,train
5595,train
5596,train
5597,train
5598,train
5599,train
5600,train
5601,train
5602,train
5603,train
5604,train
5605,train
5606,test
5607,train
5608,test
5609,test
5610,train
5611,train
5612,train
5613,train
5614,test
5615,train
5616,train
5617,train
5618,test
5619,train
5620,train
5621,train
5622,test
5623,train
5624,train
5625,test
5626,test
5627,test
5628,train
5629,train
5630,train
5631,train
5632,train
5633,test
5634,train
5635,train
5636,train
5637,train
5638,train
5640,train
5641,train
5642,test
5643,train
5644,train
5645,test
5646,test
5647,train
5648,test
5649,test
5650,train
5651,test
5652,train
5653,test
5654,train
5655,train
5656,test
5658,test
5659,train
5660,train
5661,train
5662,train
5663,train
5664,test
5665,train
5666,train
5668,test
5670,train
5671,test
5673,train
5674,train
5675,train
5677,test
5678,test
5680,train
5681,test
5682,train
5683,train
5684,train
5685,train
5686,train
5687,test
5688,train
5689,train
5690,train
5691,test
5692,train
5693,train
5694,train
5695,train
5696,train
5697,train
5698,train
5699,train
5700,train
5701,train
5702,train
5704,test
5705,train
5706,train
5707,train
5708,train
5709,train
5710,train
5711,test
5712,train
5713,train
5714,train
5715,train
5716,train
5717,train
5718,test
5719,train
5720,train
5721,test
5722,train
5723,train
5724,train
5725,train
5726,train
5727,train
5728,train
5729,train
5730,test
5731,train
5732,train
5733,test
5734,train
5735,test
5736,train
5737,train
5738,train
5739,test
5740,train
5741,test
5742,train
5743,train
5744,train
5746,train
5747,test
5748,train
5749,train
5750,train
5751,train
5752,test
5753,train
5755,test
5756,train
5757,test
5758,train
5759,train
5760,train
5761,test
5762,test
5763,train
5764,test
5765,train
5766,train
5767,train
5768,train
5769,train
5770,train
5771,train
5772,train
5773,train
5774,train
5775,train
5776,test
5777,train
5778,train
5779,train
5780,train
5781,train
5782,train
5783,train
5784,train
5785,train
5786,train
5787,train
5788,train
5789,train
5790,train
5791,train
5792,train
5793,train
5794,train
5795,train
5796,test
5797,train
5798,test
5799,test
5800,train
5801,test
5802,train
5803,train
5804,train
5805,test
5806,train
5807,train
5808,test
5809,train
5810,train
5811,train
5812,train
5813,train
5814,test
5815,test
5816,train
5817,train
5818,train
5819,test
5820,train
5821,train
5823,train
5824,test
5825,train
5826,train
5827,test
5828,train
5830,train
5831,train
5832,train
5833,test
5835,train
5836,train
5837,train
5838,train
5839,train
5840,train
5841,train
5842,train
5843,train
5844,test
5845,train
5846,test
5847,train
5848,train
5849,train
5850,train
5851,train
5852,test
5853,train
5854,train
5855,train
5856,train
5857,test
5858,train
5859,train
5860,train
5861,train
5863,train
5865,test
5867,train
5868,test
5869,train
5870,train
5871,test
5873,train
5875,train
5876,train
5877,test
5878,train
5879,train
5880,test
5881,train
5883,test
5884,train
5885,train
5887,test
5888,train
5889,train
5890,train
5891,test
5892,train
5893,train
5894,train
5895,train
5896,test
5897,test
5898,train
5899,train
5900,train
5901,train
5903,train
5904,train
5905,train
5906,test
5907,test
5908,train
5909,train
5910,train
5911,test
5912,test
5913,train
5915,train
5916,train
5917,train
5919,test
5920,train
5921,train
5922,train
5924,train
5925,train
5926,train
5927,train
5928,train
5929,test
5930,train
5931,train
5932,train
5933,train
5934,train
5935,train
5936,train
5937,train
5938,train
5939,train
5940,train
5941,train
5942,train
5944,train
5946,train
5947,train
5948,train
5949,train
5950,test
5951,train
5952,train
5953,test
5954,train
5955,train
5956,train
5957,train
5958,train
5959,train
5960,train
5961,train
5962,train
5963,train
5964,train
5965,train
5966,train
5967,train
5968,train
5969,train
5970,test
5972,test
5973,train
5974,train
5975,test
5976,train
5977,train
5979,test
5980,train
5981,train
5982,test
5983,train
5984,train
5985,train
5986,train
5988,train
5989,train
5990,test
5992,train
5993,train
5994,train
5996,test
5997,train
5999,test
6000,train
6001,train
6003,train
6004,train
6005,train
6006,train
6007,train
6008,train
6009,train
6011,train
6012,train
6013,train
6014,train
6015,train
6016,train
6017,train
6018,train
6019,train
6020,test
6021,train
6022,test
6023,train
6024,train
6026,train
6027,train
6028,test
6029,train
6030,train
6032,train
6033,train
6034,test
6035,train
6036,train
6037,train
6038,train
6039,train
6041,test
6042,test
6043,train
6045,test
6046,train
6047,train
6048,train
6049,train
6051,train
6052,train
6054,train
6056,train
6058,train
6059,train
6060,test
6062,train
6063,test
6065,test
6066,train
6067,test
6068,train
6069,train
6070,train
6071,train
6072,test
6073,train
6074,train
6075,train
6076,train
6077,train
6078,train
6079,train
6080,train
6081,train
6083,test
6085,train
6086,test
6087,train
6088,train
6090,train
6091,train
6092,train
6093,train
6094,train
6095,test
6096,test
6097,train
6099,train
6100,train
6101,test
6103,test
6104,train
6106,train
6108,train
6109,train
6110,train
6111,train
6113,train
6114,train
6115,train
6116,test
6117,test
6118,train
6119,train
6121,train
6122,train
6124,train
6125,train
6127,train
6128,train
6130,train
6131,train
6133,test
6134,train
6136,test
6137,train
6139,test
6141,train
6142,train
6144,test
6145,train
6147,train
6149,train
6150,train
6151,train
6153,train
6154,test
6156,train
6157,train
6158,test
6159,train
6160,train
6161,train
6162,train
6163,train
6164,train
6165,train
6166,train
6167,train
6168,train
6169,test
6170,train
6171,train
6172,train
6173,train
6174,train
6175,train
6176,test
6177,train
6178,train
6179,train
6180,train
6181,test
6183,train
6184,train
6185,train
6186,train
6187,train
6188,train
6189,train
6190,train
6191,train
6192,train
6193,train
6194,train
6195,train
6196,train
6197,train
6198,test
6199,train
6200,train
6201,train
6202,train
6203,test
6204,train
6205,train
6206,train
6207,train
6208,train
6209,train
6210,train
6211,train
6212,train
6213,train
6214,train
6215,train
6216,test
6217,train
6218,train
6219,train
6220,train
6221,train
6222,train
6223,train
6224,train
6225,train
6226,train
6227,train
6228,train
6229,train
6230,train
6231,test
6232,train
6233,train
6234,test
6235,train
6236,train
6237,train
6238,train
6239,test
6240,train
6241,train
6242,train
6243,test
6244,train
6245,test
6246,test
6247,train
6248,train
6249,train
6250,test
6251,train
6252,train
6253,train
6254,train
6255,train
6256,train
6257,test
6258,train
6260,train
6261,train
6262,train
6263,train
6264,train
6266,train
6267,train
6268,train
6269,test
6270,train
6271,test
6272,test
6273,train
6274,train
6275,train
6276,train
6277,train
6278,train
6279,test
6280,train
6281,train
6282,test
6283,train
6284,train
6285,train
6286,train
6287,train
6288,train
6289,train
6290,train
6291,train
6292,train
6293,train
6294,train
6295,test
6296,train
6297,test
6298,test
6299,train
6300,train
6301,train
6302,train
6303,train
6304,test
6305,train
6306,train
6307,test
6308,train
6309,train
6310,train
6311,train
6312,train
6313,train
6314,train
6315,train
6316,test
6317,train
6318,test
6319,train
6320,train
6321,train
6322,train
6323,train
6324,test
6325,train
6326,train
6327,train
6328,train
6329,train
6330,train
6331,test
6332,train
6333,train
6335,train
6336,test
6337,train
6338,train
6339,train
6341,train
6342,train
6343,test
6344,train
6345,train
6347,test
6348,train
6349,train
6350,train
6351,train
6352,train
6353,train
6355,train
6356,train
6357,test
6358,train
6359,train
6360,train
6361,train
6362,train
6363,train
6364,train
6365,test
6366,train
6367,train
6368,train
6369,test
6370,train
6371,train
6372,test
6373,train
6374,train
6375,train
6376,train
6377,train
6378,train
6379,train
6380,test
6381,train
6382,train
6383,train
6384,train
6385,test
6386,test
6387,train
6388,train
6389,test
6390,train
6391,train
6392,train
6393,train
6394,test
6395,train
6396,train
6397,train
6398,train
6399,test
6400,train
6401,test
6402,test
6403,train
6404,train
6405,train
6406,train
6407,train
6408,train
6409,train
6410,train
6411,train
6412,train
6413,train
6414,train
6415,train
6416,train
6417,train
6418,train
6419,test
6420,train
6421,train
6422,train
6423,train
6424,train
6425,test
6426,train
6427,test
6428,test
6429,train
6430,train
6431,train
6432,train
6433,train
6434,train
6435,train
6436,train
6437,test
6438,train
6439,train
6440,train
6441,train
6442,train
6443,train
6444,train
6445,train
6446,train
6447,train
6448,train
6449,train
6450,test
6451,train
6452,train
6453,train
6454,train
6455,train
6456,train
6457,train
6458,train
6459,train
6460,test
6461,test
6462,train
6463,train
6464,train
6465,train
6466,train
6467,train
6468,train
6469,train
6470,train
6471,train
6472,train
6473,train
6474,train
6475,train
6476,train
6477,train
6478,train
6479,test
6480,train
6481,train
6482,test
6483,train
6484,test
6485,test
6486,train
6487,train
6488,train
6489,test
6490,train
6491,train
6492,test
6493,train
6494,train
6495,test
6496,train
6497,train
6498,test
6499,train
6500,train
6501,test
6502,test
6503,train
6504,test
6505,train
6506,train
6507,test
6508,train
6509,test
6510,train
6511,train
6512,train
6513,train
6514,train
6515,test
6516,train
6517,train
6518,train
6519,train
6520,train
6521,train
6522,test
6523,train
6524,train
6525,train
6526,train
6527,train
6528,train
6529,test
6530,train
6531,test
6532,train
6533,train
6534,test
6535,train
6536,train
6537,train
6538,train
6539,test
6540,train
6541,train
6542,train
6543,train
6544,test
6545,train
6546,train
6547,test
6548,train
6549,test
6550,train
6551,train
6552,train
6553,train
6554,test
6555,train
6556,train
6557,test
6558,train
6559,test
6560,train
6561,train
6562,train
6563,train
6564,test
6565,train
6566,test
6567,train
6568,train
6569,train
6570,train
6571,test
6572,train
6573,train
6574,train
6575,train
6576,train
6577,train
6578,train
6579,test
6580,train
6581,test
6582,train
6583,train
6584,train
6585,train
6586,train
6587,train
6588,train
6589,test
6590,train
6591,train
6592,train
6593,train
6594,train
6595,train
6596,train
6597,train
6598,train
6599,train
6600,train
6601,train
6602,train
6603,test
6604,train
6605,train
6606,train
6607,test
6608,train
6609,train
6610,test
6611,train
6612,test
6613,test
6614,train
6615,train
6616,train
6617,train
6618,train
6619,train
6620,test
6622,train
6623,train
6624,train
6625,train
6626,train
6627,train
6628,train
6629,train
6630,train
6631,train
6632,train
6633,train
6634,train
6635,train
6636,train
6637,test
6638,train
6639,train
6640,train
6641,train
6642,train
6643,train
6644,train
6645,train
6646,train
6647,train
6648,train
6649,train
6650,test
6651,test
6652,train
6653,train
6654,train
6655,train
6656,train
6657,train
6658,train
6659,train
6660,train
6661,test
6662,test
6663,train
6664,train
6665,train
6666,train
6667,train
6668,train
6669,train
6670,test
6671,train
6672,test
6673,train
6674,test
6675,test
6676,train
6677,test
6678,train
6679,train
6680,test
6681,test
6682,train
6683,train
6684,train
6685,test
6686,train
6687,train
6688,test
6689,train
6690,train
6691,train
6692,test
6693,train
6694,train
6695,train
6696,train
6697,train
6698,test
6699,train
6700,train
6701,train
6702,train
6703,train
6704,train
6705,train
6706,train
6707,test
6708,train
6709,train
6710,train
6711,train
6712,test
6713,train
6714,test
6715,train
6716,train
6717,train
6718,train
6719,test
6720,test
6721,train
6722,train
6723,test
6724,train
6725,test
6726,train
6727,train
6728,test
6729,train
6730,train
6731,train
6732,train
6733,test
6734,test
6735,train
6736,train
6737,train
6738,train
6739,train
6740,train
6741,train
6742,train
6743,test
6744,train
6745,train
6746,test
6747,train
6748,test
6749,train
6750,train
6752,train
6753,test
6754,train
6755,train
6756,train
6757,train
6758,train
6759,train
6760,test
6761,train
6762,train
6763,test
6764,train
6765,train
6766,train
6767,train
6768,train
6769,train
6770,train
6771,train
6772,train
6773,train
6774,train
6775,test
6776,train
6777,train
6778,train
6779,train
6780,train
6781,train
6782,train
6783,test
6784,train
6785,train
6786,train
6787,train
6788,test
6789,train
6790,train
6791,train
6792,train
6793,test
6794,test
6795,test
6796,train
6797,train
6798,train
6799,train
6800,train
6801,train
6802,train
6803,train
6804,train
6805,train
6806,train
6807,test
6808,train
6809,train
6810,train
6811,test
6812,test
6813,train
6814,train
6815,test
6816,train
6817,train
6818,train
6819,train
6820,train
6821,test
6822,train
6823,train
6824,train
6825,test
6826,train
6827,train
6828,train
6829,train
6830,train
6831,train
6832,train
6833,test
6834,train
6835,test
6836,train
6837,train
6838,test
6839,train
6840,train
6841,train
6842,train
6843,train
6844,test
6845,test
6846,train
6847,train
6848,train
6849,train
6850,train
6851,train
6852,train
6853,train
6854,train
6855,train
6857,test
6858,train
6859,train
6860,test
6862,train
6864,train
6865,train
6866,train
6867,train
6868,train
6869,train
6870,train
6872,train
6873,train
6874,train
6875,train
6876,train
6877,train
6878,train
6879,train
6880,test
6881,train
6882,train
6883,train
6884,train
6886,test
6887,train
6888,train
6889,train
6890,train
6892,train
6893,train
6895,train
6897,train
6898,train
6899,train
6900,train
6901,train
6902,train
6903,train
6904,train
6905,train
6907,train
6908,train
6909,train
6910,train
6911,test
6912,test
6913,train
6914,train
6916,train
6917,test
6918,train
6919,train
6920,train
6922,train
6923,test
6924,train
6926,train
6928,train
6929,train
6930,train
6931,train
6932,train
6933,train
6934,train
6935,train
6936,test
6938,test
6939,train
6940,test
6942,train
6943,train
6944,train
6945,train
6946,test
6947,train
6948,train
6949,test
6950,train
6951,train
6952,train
6953,train
6955,train
6956,train
6957,train
6958,train
6959,train
6960,train
6961,train
6963,train
6964,test
6965,test
6966,test
6967,train
6968,train
6969,test
6970,train
6971,train
6973,train
6975,test
6976,train
6977,train
6978,train
6979,train
6981,train
6982,train
6983,train
6985,train
6986,train
6987,train
6988,test
6989,train
6991,train
6992,train
6993,train
6994,train
6995,train
6996,train
6997,train
6998,train
7000,train
7001,test
7003,train
7004,test
7006,train
7008,train
7009,train
7010,train
7011,train
7012,train
7013,train
7014,test
7016,train
7017,train
7018,train
7019,test
7021,train
7022,train
7023,test
7024,train
7025,train
7026,train
7027,test
7028,test
7029,test
7030,train
7031,train
7032,test
7033,train
7034,train
7035,train
7036,test
7037,train
7038,train
7039,train
7040,train
7041,test
7042,train
7043,train
7045,train
7046,train
7047,train
7048,train
7049,train
7050,train
7051,test
7052,test
7053,train
7054,test
7055,train
7056,train
7057,train
7058,train
7059,train
7060,train
7061,train
7062,train
7063,train
7064,train
7065,test
7066,test
7068,train
7069,train
7070,train
7071,test
7073,train
7074,train
7075,train
7077,train
7079,train
7080,train
7081,train
7082,train
7083,test
7084,train
7085,train
7086,train
7087,train
7088,test
7089,train
7090,train
7092,train
7093,train
7094,train
7096,train
7097,test
7098,test
7099,train
7100,test
7101,train
7102,train
7103,train
7104,train
7106,train
7107,test
7108,train
7110,train
7111,train
7113,train
7114,train
7115,train
7116,train
7118,train
7119,train
7121,train
7122,train
7124,train
7125,train
7127,train
7128,test
7130,train
7132,test
7133,train
7135,train
7136,train
7137,train
7138,test
7139,train
7140,train
7141,train
7143,train
7144,train
7146,test
7147,train
7148,train
7150,train
7151,train
7153,test
7154,test
7156,train
7157,train
7159,train
7160,test
7162,train
7163,test
7164,train
7165,test
7166,train
7167,train
7168,train
7169,train
7171,train
7172,train
7174,train
7175,test
7176,train
7178,test
7179,train
7180,test
7182,train
7183,test
7184,train
7185,train
7187,train
7188,train
7189,train
7190,train
7191,train
7192,train
7193,test
7194,test
7195,test
7196,train
7197,train
7198,train
7199,train
7200,train
7202,train
7203,train
7205,test
7206,train
7207,train
7208,train
7209,train
7210,test
7211,train
7213,train
7214,test
7216,train
7217,train
7218,train
7219,train
7220,train
7221,train
7222,test
7224,train
7225,train
7227,train
7228,train
7230,train
7231,train
7232,train
7234,train
7235,train
7237,train
7238,test
7239,test
7240,train
7241,train
7242,train
7243,test
7244,train
7245,test
7246,train
7247,train
7248,train
7250,train
7251,train
7252,train
7253,train
7254,train
7256,train
7257,train
7259,train
7260,test
7262,train
7263,train
7264,train
7265,train
7266,train
7268,train
7269,train
7270,train
7271,train
7272,train
7273,train
7274,train
7276,train
7277,train
7279,test
7280,test
7281,test
7283,train
7284,train
7286,train
7287,test
7289,train
7290,test
7291,train
7292,train
7293,train
7294,train
7295,train
7296,train
7297,train
7298,train
7299,train
7300,train
7301,train
7302,train
7304,train
7305,train
7307,train
7308,train
7310,train
7311,test
7313,train
7314,train
7316,train
7317,train
7319,test
7320,train
7322,train
7323,train
7324,train
7325,train
7326,train
7327,train
7328,train
7329,train
7331,train
7332,train
7334,test
7335,test
7336,train
7337,train
7338,train
7339,train
7340,train
7341,train
7342,train
7343,test
7344,train
7345,train
7346,test
7347,test
7348,train
7349,train
7350,train
7351,train
7352,train
7353,train
7355,train
7356,train
7357,train
7358,train
7359,test
7361,train
7362,train
7363,train
7365,train
7366,train
7368,train
7369,train
7371,train
7372,test
7374,train
7375,train
7376,train
7378,train
7379,train
7381,train
7382,test
7384,train
7385,test
7386,train
7388,test
7389,test
7391,train
7392,train
7393,train
7394,train
7395,test
7396,test
7398,train
7399,train
7400,train
7401,train
7402,train
7403,train
7404,train
7406,train
7407,train
7409,train
7410,train
7412,train
7413,train
7415,train
7416,train
7418,test
7419,train
7421,train
7422,train
7424,train
7425,train
7427,train
7428,train
7430,train
7431,train
7433,train
7434,test
7436,train
7437,test
7438,train
7440,test
7441,train
7443,train
7444,test
7446,test
7447,test
7448,train
7450,train
7451,train
7453,test
7454,train
7456,train
7457,train
7458,train
7459,train
7460,train
7461,test
7462,train
7463,train
7464,train
7465,test
7467,train
7468,test
7469,test
7470,train
7471,train
7472,test
7474,test
7475,train
7477,train
7478,train
7479,train
7481,train
7482,train
7484,train
7485,train
7486,train
7487,train
7488,test
7489,train
7490,train
7491,train
7493,train
7494,train
7496,train
7497,test
7498,train
7499,train
7500,train
7502,train
7503,train
7505,train
7506,train
7508,train
7509,train
7511,train
7512,train
7513,train
7515,train
7516,train
7517,train
7518,train
7519,test
7520,train
7521,train
7522,test
7523,train
7524,train
7525,train
7526,train
7527,train
7528,train
7529,test
7530,train
7531,train
7532,train
7533,train
7534,train
7535,train
7536,train
7537,test
7538,train
7539,train
7540,train
7541,train
7542,train
7543,train
7544,test
7545,train
7546,train
7547,train
7549,test
7550,train
7552,train
7553,train
7555,test
7556,test
7558,test
7559,train
7560,test
7561,train
7562,test
7564,train
7565,train
7566,train
7568,train
7569,test
7571,train
7572,train
7574,train
7575,train
7577,train
7578,train
7579,test
7580,train
7581,test
7582,train
7583,train
7585,test
7586,train
7587,train
7589,train
7590,train
7592,test
7593,train
7595,train
7596,train
7598,train
7599,test
7601,train
7602,test
7604,train
7605,train
7607,train
7608,train
7609,train
7610,test
7611,train
7612,train
7613,train
7614,train
7615,train
7617,train
7618,train
7619,train
7620,train
7621,train
7623,test
7624,train
7625,train
7626,test
7627,train
7629,train
7630,train
7632,test
7633,train
7635,test
7636,train
7638,train
7639,train
7641,train
7642,train
7644,train
7645,train
7646,train
7648,train
7649,train
7650,train
7651,train
7653,train
7654,train
7655,train
7656,test
7657,train
7658,train
7659,train
7660,test
7662,train
7663,train
7665,train
7666,train
7667,train
7668,test
7669,train
7671,train
7672,train
7674,train
7675,train
7677,test
7678,train
7680,test
7681,test
7683,test
7684,train
7686,train
7687,train
7688,test
7689,train
7690,train
7692,test
7693,train
7695,train
7696,train
7697,train
7699,train
7700,train
7702,train
7703,train
7705,train
7706,train
7708,train
7709,train
7710,train
7711,train
7712,train
7713,train
7715,test
7716,train
7718,train
7719,train
7721,train
7722,train
7723,train
7724,train
7725,test
7726,train
7728,test
7729,train
7730,train
7731,test
7732,train
7733,test
7735,train
7736,train
7738,test
7739,train
7741,train
7742,train
7743,train
7744,test
7745,train
7746,train
7747,train
7748,train
7749,train
7750,test
7751,train
7752,train
7753,test
7755,train
7756,train
7758,train
7759,train
7760,test
7761,train
7762,train
7763,train
7764,train
7765,train
7766,train
7767,train
7768,test
7769,train
7770,train
7771,test
7773,train
7774,train
7775,train
7776,train
7777,train
7778,train
7780,test
7781,train
7783,train
7784,train
7786,train
7787,train
7788,train
7790,test
7791,train
7793,train
7794,train
7795,train
7796,train
7797,train
7798,train
7800,train
7801,train
7802,test
7804,train
7805,train
7807,test
7808,train
7810,train
7811,train
7813,train
7814,train
7816,train
7817,test
7819,train
7820,train
7822,train
7823,train
7825,test
7826,train
7828,train
7829,train
7831,train
7832,test
7833,train
7834,train
7835,train
7836,test
7837,train
7838,train
7839,train
7840,train
7841,test
7842,train
7843,train
7845,train
7846,train
7848,train
7849,train
7851,test
7852,test
7853,train
7854,train
7855,train
7856,train
7857,train
7858,train
7859,train
7860,test
7861,train
7862,train
7863,train
7864,train
7865,test
7866,train
7867,test
7869,train
7870,train
7872,train
7873,test
7874,train
7875,train
7876,train
7878,test
7879,train
7880,train
7881,train
7883,train
7884,train
7885,train
7886,train
7888,train
7889,test
7890,train
7891,train
7892,train
7893,test
7894,train
7896,train
7897,train
7898,test
7899,train
7900,train
7901,train
7902,train
7904,train
7905,train
7906,train
7908,train
7909,train
7910,train
7912,train
7913,train
7915,test
7916,train
7917,train
7919,test
7920,train
7921,test
7922,train
7924,train
7925,train
7927,train
7928,train
7930,train
7931,train
7933,train
7934,train
7936,train
7937,train
7938,train
7940,train
7941,train
7942,train
7944,train
7945,train
7947,train
7948,train
7949,train
7950,train
7952,test
7953,test
7955,train
7956,train
7957,test
7959,train
7960,train
7961,train
7962,train
7963,test
7964,test
7965,train
7966,train
7967,train
7968,test
7969,test
7970,train
7971,test
7972,test
7973,train
7974,train
7975,train
7976,test
7977,train
7979,train
7980,train
7982,train
7983,train
7984,train
7985,train
7986,train
7988,train
7989,train
7990,train
7991,train
7992,train
7993,train
7994,test
7996,train
7997,train
7998,train
8000,test
8001,train
8003,train
8004,train
8005,train
8006,train
8007,train
8009,train
8010,train
8011,train
8013,train
8014,train
8016,train
8017,train
8019,train
8020,train
8022,train
8023,train
8024,test
8026,train
8027,train
8029,train
8030,train
8031,train
8032,test
8033,train
8034,test
8035,train
8037,train
8038,train
8039,train
8041,train
8042,train
8043,train
8044,train
8045,train
8047,train
8048,test
8050,train
8051,train
8053,train
8054,train
8056,train
8057,train
8058,train
8059,train
8060,test
8061,train
8063,test
8064,train
8065,train
8066,train
8067,test
8068,train
8069,train
8070,train
8071,train
8072,test
8073,train
8074,test
8075,train
8076,test
8077,test
8078,train
8079,train
8080,train
8081,train
8082,test
8083,train
8085,train
8086,train
8087,train
8088,train
8089,train
8090,test
8091,test
8092,train
8093,train
8094,test
8095,train
8096,train
8097,train
8099,train
8100,train
8102,train
8103,test
8105,train
8106,train
8107,train
8108,test
8109,train
8110,train
8112,train
8113,train
8114,train
8115,train
8116,train
8117,test
8118,train
8119,train
8120,train
8121,test
8122,train
8123,train
8124,train
8125,train
8126,test
8127,train
8128,train
8129,train
8130,train
8131,train
8132,train
8133,train
8134,train
8135,train
8136,test
8137,train
8139,train
8140,train
8141,train
8142,test
8143,train
8144,train
8145,train
8146,test
8147,train
8148,train
8149,train
8150,test
8151,train
8152,test
8153,train
8154,test
8155,train
8156,train
8157,train
8158,train
8159,train
8160,train
8161,train
8162,train
8163,train
8164,test
8165,train
8166,train
8167,test
8168,train
8169,test
8170,train
8171,train
8172,train
8173,train
8174,train
8176,train
8177,train
8178,train
8180,train
8181,train
8183,test
8184,train
8186,test
8187,train
8189,train
8190,train
8192,train
8193,train
8195,train
8196,train
8198,train
8199,train
8200,train
8201,train
8202,train
8203,train
8205,train
8206,train
8207,train
8208,train
8209,train
8211,train
8212,train
8213,train
8214,test
8215,train
8216,train
8217,train
8218,train
8219,train
8220,train
8221,train
8222,test
8224,train
8225,train
8226,train
8227,train
8228,test
8229,train
8230,train
8231,train
8232,test
8233,train
8234,train
8235,train
8236,train
8237,train
8238,train
8239,test
8240,test
8241,train
8242,train
8243,test
8245,train
8246,train
8248,train
8249,test
8250,train
8251,test
8252,train
8254,train
8255,train
8257,train
8258,train
8259,test
8260,train
8261,train
8262,train
8264,test
8265,train
8266,train
8268,train
8269,train
8270,train
8271,train
8272,test
8273,train
8274,test
8275,test
8277,train
8278,train
8279,test
8281,test
8282,train
8284,train
8285,test
8287,train
8288,test
8289,train
8291,train
8292,train
8294,train
8295,train
8297,train
8298,train
8299,train
8301,train
8302,train
8304,train
8305,train
8307,test
8308,train
8309,train
8310,train
8311,test
8312,train
8314,train
8315,train
8317,train
8318,test
8320,train
8321,train
8322,train
8323,test
8325,train
8326,train
8328,train
8329,train
8331,train
8332,test
8333,train
8335,test
8336,train
8338,train
8339,train
8340,train
8341,train
8342,train
8344,train
8345,train
8346,train
8347,train
8348,train
8350,train
8351,test
8352,train
8353,train
8354,train
8356,train
8357,train
8358,test
8359,train
8360,train
8361,train
8362,train
8363,train
8364,train
8365,train
8366,train
8367,train
8368,train
8369,train
8370,train
8371,train
8372,train
8373,train
8374,train
8375,train
8376,train
8377,train
8378,train
8379,train
8380,train
8381,test
8382,train
8383,train
8385,train
8386,train
8388,train
8389,train
8391,train
8392,train
8394,train
8395,train
8397,train
8398,train
8399,train
8401,train
8402,train
8403,train
8404,train
8405,train
8406,train
8407,test
8408,train
8409,train
8410,train
8411,test
8412,train
8413,train
8414,test
8415,train
8416,train
8417,train
8418,train
8419,train
8420,train
8421,train
8422,train
8423,train
8424,test
8425,train
8426,train
8427,train
8428,train
8429,test
8430,test
8431,train
8432,train
8433,train
8434,train
8435,train
8436,train
8437,train
8438,train
8439,train
8440,train
8442,train
8443,train
8445,train
8446,train
8447,train
8448,train
8450,train
8451,test
8452,train
8453,train
8454,train
8455,train
8456,train
8457,test
8458,test
8459,test
8460,train
8462,train
8463,train
8464,train
8466,train
8467,train
8469,train
8470,train
8472,train
8473,train
8474,train
8476,train
8477,train
8479,test
8480,train
8482,train
8483,train
8485,test
8486,train
8488,train
8489,train
8490,train
8491,train
8492,train
8493,train
8495,train
8496,train
8498,train
8499,train
8500,train
8501,train
8502,train
8503,test
8504,train
8505,train
8507,train
8508,train
8510,train
8511,train
8513,train
8514,train
8516,train
8517,train
8518,train
8520,train
8521,train
8522,test
8523,test
8524,train
8526,train
8527,train
8528,train
8529,test
8531,test
8532,train
8533,train
8534,train
8535,train
8537,train
8538,train
8540,train
8541,train
8543,train
8544,train
8545,test
8546,test
8547,train
8549,train
8550,test
8552,train
8553,train
8555,train
8556,test
8558,train
8559,test
8561,train
8562,train
8564,train
8565,test
8566,train
8568,train
8569,test
8571,train
8572,train
8574,test
8575,train
8577,test
8578,train
8580,train
8581,train
8582,train
8584,train
8585,train
8587,train
8588,train
8590,train
8591,train
8593,test
8594,train
8595,train
8597,train
8598,train
8599,train
8600,train
8602,test
8603,train
8605,train
8606,train
8608,train
8609,train
8611,train
8612,train
8614,train
8615,test
8617,train
8618,train
8620,train
8621,test
8623,train
8624,train
8626,test
8627,test
8628,test
8630,train
8631,test
8632,train
8634,train
8635,train
8636,train
8638,train
8639,train
8640,test
8642,train
8643,train
8645,test
8646,train
8647,test
8648,train
8649,train
8650,test
8651,train
8652,test
8653,train
8654,train
8655,test
8656,train
8657,train
8658,train
8660,test
8661,train
8663,train
8664,train
8665,train
8666,train
8668,train
8669,train
8671,test
8672,train
8674,train
8675,test
8676,test
8678,test
8679,train
8680,train
8681,train
8683,train
8684,train
8686,train
8687,train
8689,train
8690,test
8692,train
8693,train
8694,test
8695,train
8696,train
8697,test
8698,train
8699,train
8700,train
8701,train
8702,test
8703,train
8704,train
8705,train
8706,test
8707,train
8708,train
8709,train
8710,train
8711,train
8712,train
8713,train
8715,train
8716,test
8717,train
8718,train
8719,train
8720,train
8721,test
8722,train
8723,train
8724,train
8725,train
8726,train
8727,test
8728,train
8729,train
8730,train
8731,train
8732,train
8733,train
8734,train
8736,train
8737,train
8738,train
8739,train
8740,train
8741,test
8742,train
8743,train
8745,train
8746,train
8747,train
8748,train
8749,train
8750,train
8751,train
8752,train
8753,train
8754,train
8755,train
8757,test
8758,test
8760,test
8761,test
8762,train
8763,train
8764,train
8766,test
8767,train
8768,train
8770,train
8771,train
8773,train
8774,train
8776,train
8777,train
8779,train
8780,train
8781,train
8782,train
8783,train
8784,train
8785,test
8787,train
8788,test
8789,train
8790,train
8791,train
8793,train
8794,test
8795,train
8796,train
8797,train
8798,train
8800,test
8801,train
8802,train
8803,train
8804,train
8805,test
8806,train
8807,train
8808,train
8809,train
8810,train
8812,train
8813,train
8815,test
8816,train
8817,train
8818,train
8819,train
8820,train
8821,train
8822,test
8823,train
8825,test
8826,train
8827,train
8828,train
8829,train
8831,train
8832,test
8834,train
8835,train
8836,test
8837,train
8838,train
8839,train
8840,train
8841,train
8842,train
8843,train
8844,test
8845,train
8846,train
8847,test
8849,train
8850,train
8851,test
8852,train
8853,test
8854,test
8855,train
8856,train
8858,train
8859,train
8861,test
8862,train
8863,train
8864,train
8865,train
8866,train
8867,test
8868,train
8869,train
8870,train
8871,train
8872,train
8873,train
8874,train
8875,train
8877,train
8878,train
8879,train
8880,train
8881,train
8882,train
8883,train
8884,train
8886,test
8887,test
8889,train
8890,train
8892,train
8893,train
8894,train
8895,test
8896,train
8897,train
8898,train
8899,test
8900,train
8902,test
8903,test
8905,test
8906,train
8907,train
8908,train
8909,train
8910,test
8911,train
8912,train
8913,test
8914,test
8916,train
8917,test
8919,test
8920,train
8921,train
8923,train
8924,train
8926,test
8927,train
8928,test
8930,test
8931,train
8933,train
8934,test
8936,train
8937,train
8939,train
8940,test
8942,train
8943,train
8945,train
8946,train
8947,train
8948,test
8950,test
8951,train
8953,train
8954,train
8956,train
8957,train
8959,test
8960,train
8962,train
8963,train
8965,train
8966,train
8968,train
8969,test
8971,train
8972,train
8974,train
8975,test
8977,train
8978,train
8979,train
8980,train
8982,test
8983,train
8985,train
8986,train
8988,train
8989,train
8990,train
8991,test
8992,train
8993,train
8994,train
8995,train
8997,train
8998,train
8999,train
9001,train
9002,train
9004,train
9005,train
9007,train
9008,train
9010,train
9011,test
9013,train
9014,train
9015,train
9017,train
9018,train
9019,train
9020,train
9021,test
9022,train
9023,test
9025,test
9026,train
9027,train
9028,train
9029,train
9031,train
9032,train
9034,test
9035,train
9036,train
9037,train
9038,train
9039,train
9040,test
9041,train
9042,train
9043,train
9045,test
9046,train
9047,train
9048,train
9049,train
9051,train
9052,train
9054,train
9055,train
9057,train
9058,train
9059,test
9061,train
9062,train
9063,train
9065,test
9066,train
9067,test
9068,train
9069,train
9070,train
9071,train
9072,train
9074,train
9075,train
9076,train
9077,train
9078,train
9079,train
9080,test
9081,test
9082,train
9083,test
9084,train
9085,train
9086,train
9087,test
9088,train
9089,train
9090,train
9091,test
9092,test
9093,train
9094,train
9095,train
9096,test
9097,train
9098,train
9099,train
9100,train
9101,test
9102,train
9103,test
9104,train
9105,train
9106,train
9107,train
9108,train
9109,test
9110,train
9111,train
9112,test
9113,train
9114,train
9115,test
9116,train
9117,train
9118,test
9119,train
9120,train
9121,test
9122,train
9124,train
9125,train
9126,train
9127,test
9128,train
9130,train
9131,train
9132,train
9133,train
9134,train
9135,train
9136,train
9137,train
9138,train
9139,train
9141,train
9142,test
9143,train
9145,train
9146,train
9147,train
9148,train
9149,train
9151,train
9152,train
9153,train
9155,test
9156,train
9157,test
9158,test
9159,train
9160,test
9161,train
9162,train
9163,train
9165,train
9166,train
9167,train
9169,train
9170,test
9171,train
9172,train
9173,train
9175,train
9176,train
9177,train
9179,train
9180,train
9182,train
9183,train
9184,train
9186,train
9187,train
9188,test
9190,train
9191,test
9192,train
9194,train
9195,train
9196,train
9197,test
9198,train
9200,train
9201,train
9202,train
9204,train
9205,train
9206,train
9208,train
9209,train
9210,train
9212,train
9213,train
9214,test
9216,test
9217,test
9218,train
9219,train
9221,train
9222,train
9223,train
9225,train
9226,train
9227,train
9229,train
9230,train
9231,train
9233,train
9234,test
9235,train
9237,test
9238,train
9239,train
9240,train
9241,train
9243,train
9244,train
9245,test
9246,train
9247,train
9248,train
9249,train
9250,train
9251,train
9252,train
9253,train
9254,train
9255,train
9256,train
9258,train
9259,train
9260,train
9261,train
9262,train
9264,train
9265,train
9266,train
9267,train
9268,train
9270,train
9271,train
9272,train
9274,train
9275,train
9276,train
9277,train
9278,train
9280,train
9281,train
9282,train
9284,train
9285,train
9286,train
9288,test
9289,train
9290,train
9292,train
9293,test
9294,test
9295,train
9297,train
9298,train
9300,train
9301,test
9302,train
9303,train
9304,train
9305,train
9306,test
9307,train
9308,train
9310,test
9311,train
9312,train
9313,train
9314,train
9316,train
9318,train
9319,test
9320,train
9321,train
9322,train
9323,test
9324,train
9325,train
9327,train
9330,train
9331,test
9332,train
9333,train
9334,train
9336,test
9337,test
9338,test
9339,train
9340,train
9341,train
9342,train
9344,train
9345,train
9346,train
9348,train
9349,test
9350,train
9351,train
9353,train
9354,train
9355,train
9356,test
9357,train
9358,train
9360,train
9361,train
9363,train
9364,train
9365,train
9367,train
9369,train
9370,train
9371,test
9372,train
9373,train
9374,test
9375,train
9376,train
9377,train
9378,test
9379,train
9381,train
9382,train
9384,test
9385,train
9387,train
9388,test
9389,test
9390,train
9391,train
9393,train
9394,train
9395,train
9396,test
9397,train
9398,train
9399,test
9400,train
9401,train
9402,train
9403,test
9404,test
9405,train
9406,train
9407,train
9408,train
9409,train
9410,test
9411,train
9412,train
9413,train
9414,train
9415,train
9417,test
9418,train
9420,train
9421,train
9422,test
9424,train
9425,train
9426,test
9428,train
9429,train
9431,train
9432,test
9433,train
9434,train
9436,train
9437,train
9439,train
9440,train
9441,test
9443,train
9444,train
9445,test
9446,train
9448,test
9449,train
9450,train
9452,test
9453,train
9454,test
9455,train
9456,test
9457,train
9458,test
9459,test
9460,train
9462,train
9463,train
9464,test
9465,train
9466,train
9467,train
9468,train
9469,test
9470,train
9471,train
9472,test
9473,train
9474,train
9475,train
9476,train
9477,train
9478,train
9479,train
9480,train
9481,train
9482,train
9483,train
9484,test
9485,train
9487,train
9488,train
9489,test
9490,train
9492,train
9493,train
9494,test
9495,train
9496,test
9497,test
9498,train
9499,train
9500,train
9502,train
9503,train
9504,train
9505,train
9506,train
9507,train
9508,test
9510,train
9511,test
9512,train
9513,test
9514,train
9515,train
9516,train
9518,train
9519,train
9520,train
9521,train
9522,train
9523,train
9524,train
9525,train
9526,train
9527,train
9528,train
9529,train
9530,train
9531,train
9532,train
9533,train
9534,train
9535,train
9536,train
9538,train
9539,train
9540,test
9541,train
9542,train
9543,train
9544,train
9545,train
9546,test
9547,train
9548,train
9549,train
9550,train
9551,train
9552,train
9553,train
9554,test
9555,train
9556,train
9557,train
9558,train
9559,train
9560,train
9561,train
9562,train
9563,train
9564,train
9565,train
9566,train
9568,train
9569,train
9570,train
9571,train
9572,test
9573,train
9574,test
9575,train
9576,train
9577,train
9578,train
9579,train
9580,train
9581,train
9582,train
9583,train
9584,train
9585,test
9586,train
9587,train
9588,test
9589,train
9590,train
9591,test
9592,train
9593,train
9594,train
9595,test
9596,train
9597,train
9598,train
9599,train
9600,train
9601,train
9602,train
9603,train
9605,test
9606,test
9607,test
9609,train
9610,train
9611,test
9612,train
9613,test
9615,train
9616,train
9618,test
9619,train
9621,train
9622,train
9623,train
9625,train
9626,train
9628,test
9629,train
9630,train
9631,train
9632,train
9633,train
9634,train
9635,train
9636,train
9637,train
9638,train
9639,train
9640,train
9641,train
9642,test
9643,train
9644,train
9645,train
9646,test
9647,train
9648,test
9649,train
9650,test
9651,train
9652,train
9653,train
9654,train
9655,train
9656,train
9657,train
9658,train
9659,train
9660,train
9661,test
9662,train
9663,train
9664,train
9665,train
9666,train
9667,train
9668,test
9669,train
9670,test
9671,train
9672,train
9673,train
9674,train
9675,train
9676,test
9677,train
9678,train
9679,train
9680,train
9681,train
9682,test
9683,train
9684,train
9685,test
9686,test
9687,train
9688,train
9689,train
9690,train
9691,test
9692,train
9693,train
9694,test
9695,train
9696,train
9697,train
9698,test
9699,train
9700,test
9701,train
9702,test
9703,test
9704,train
9705,test
9706,train
9707,train
9708,test
9709,train
9710,train
9711,train
9712,train
9713,train
9714,train
9715,train
9716,train
9717,train
9718,test
9719,train
9720,train
9721,train
9722,test
9723,train
9724,train
9725,train
9726,test
9727,train
9728,train
9729,train
9730,train
9731,train
9732,train
9733,test
9734,train
9735,train
9736,train
9737,train
9738,train
9739,train
9740,train
9741,train
9742,train
9743,train
9744,train
9747,train
9749,train
9750,train
9751,train
9752,train
9754,train
9755,train
9756,train
9757,train
9759,train
9760,test
9762,train
9763,train
9764,test
9765,train
9767,train
9768,train
9769,train
9770,train
9771,train
9772,train
9773,train
9774,train
9776,train
9777,train
9779,train
9781,test
9782,train
9783,train
9784,train
9785,test
9786,train
9787,train
9788,train
9789,train
9790,test
9791,test
9792,train
9793,test
9794,test
9795,train
9796,train
9797,train
9798,train
9799,train
9800,test
9801,train
9802,train
9803,train
9804,train
9805,train
9806,train
9807,train
9808,train
9809,train
9810,train
9811,test
9812,train
9813,train
9814,train
9815,train
9816,train
9817,train
9818,train
9819,train
9820,train
9821,test
9822,train
9823,train
9824,train
9825,train
9826,train
9827,train
9828,train
9829,train
9830,test
9831,train
9832,train
9833,train
9834,train
9835,train
9836,test
9837,test
9838,test
9839,test
9840,test
9841,train
9842,train
9843,train
9844,train
9845,train
9846,train
9847,train
9848,train
9849,train
9850,train
9851,train
9852,train
9853,train
9854,test
9855,train
9856,test
9857,train
9858,test
9859,train
9860,train
9861,test
9862,train
9863,train
9864,test
9865,train
9866,train
9867,train
9868,train
9869,train
9870,train
9871,train
9872,test
9873,train
9874,train
9875,train
9876,train
9877,train
9878,train
9879,train
9880,train
9881,train
9882,train
9883,train
9884,test
9885,train
9886,test
9887,test
9888,train
9889,train
9890,train
9891,train
9892,test
9893,train
9894,test
9895,train
9896,test
9897,train
9898,train
9899,train
9900,train
9901,train
9902,train
9903,train
9904,train
9905,test
9906,train
9907,train
9908,train
9909,train
9910,train
9911,train
9912,train
9913,test
9914,train
9915,train
9916,train
9917,test
9918,train
9919,train
9920,train
9921,train
9922,train
9923,train
9924,train
9925,test
9926,train
9927,train
9928,train
9929,test
9930,train
9931,train
9932,train
9933,train
9934,train
9935,test
9936,train
9937,train
9938,train
9939,train
9940,test
9941,train
9942,train
9943,train
9944,train
9945,train
9946,train
9947,train
9948,train
9949,train
9950,train
9951,train
9952,test
9953,train
9954,train
9955,train
9956,test
9957,train
9958,test
9959,train
9960,train
9961,train
9962,train
9963,train
9964,test
9965,train
9966,train
9967,train
9968,test
9969,train
9970,train
9971,train
9972,test
9973,train
9974,test
9975,train
9976,train
9977,train
9978,train
9979,train
9980,test
9981,train
9982,train
9983,test
9984,train
9985,test
9986,train
9987,test
9988,test
9989,train
9990,train
9991,train
9992,train
9993,train
9994,test
9995,train
9996,test
9997,train
9998,train
9999,train
10000,train
10001,train
10002,train
10003,train
10004,train
10005,train
10006,test
10007,test
10008,train
10009,train
10010,train
10011,train
10012,train
10013,train
10014,train
10015,train
10016,train
10017,train
10018,train
10019,train
10020,test
10021,train
10022,train
10023,train
10024,train
10025,train
10026,test
10027,test
10028,train
10029,train
10030,train
10031,train
10032,train
10033,test
10034,train
10035,train
10036,test
10037,train
10038,train
10039,train
10040,train
10041,train
10042,test
10043,train
10044,train
10045,train
10046,train
10047,train
10048,train
10049,train
10050,train
10051,train
10052,train
10053,train
10054,train
10055,train
10056,train
10057,train
10058,train
10059,train
10060,train
10061,train
10062,train
10063,test
10064,train
10065,train
10066,train
10067,train
10068,test
10069,train
10070,test
10071,train
10072,train
10073,train
10074,train
10075,train
10076,train
10077,train
10078,train
10079,train
10080,train
10081,train
10082,train
10083,train
10084,train
10085,train
10086,train
10087,test
10088,train
10089,train
10090,train
10091,train
10092,train
10093,train
10094,train
10095,train
10096,train
10097,train
10098,test
10099,train
10100,train
10101,train
10102,train
10103,train
10104,train
10105,train
10106,test
10107,test
10108,train
10109,train
10110,test
10111,test
10112,test
10113,train
10114,train
10115,train
10116,train
10117,train
10118,test
10119,train
10120,train
10121,train
10122,train
10123,train
10124,test
10125,train
10126,train
10127,train
10128,train
10129,train
10130,train
10131,train
10132,test
10133,train
10134,train
10135,test
10136,train
10137,train
10138,train
10139,train
10140,train
10141,train
10142,train
10143,train
10144,train
10145,train
10146,test
10147,train
10148,test
10149,train
10150,train
10151,train
10152,train
10153,train
10154,train
10155,train
10156,test
10157,train
10158,test
10159,train
10160,train
10161,train
10162,train
10163,test
10164,train
10165,train
10166,test
10167,train
10168,test
10169,train
10170,train
10171,test
10172,train
10173,test
10174,train
10175,train
10176,train
10177,train
10178,train
10179,train
10180,test
10181,train
10182,train
10183,test
10185,train
10186,train
10187,train
10188,train
10189,train
10190,train
10191,test
10192,train
10193,train
10194,train
10195,train
10197,train
10198,train
10199,train
10200,train
10201,train
10202,train
10203,train
10204,train
10205,train
10206,train
10207,train
10208,train
10209,train
10210,test
10211,train
10212,test
10213,train
10215,test
10216,train
10218,train
10219,train
10220,train
10221,train
10222,train
10223,train
10224,train
10225,train
10226,train
10227,train
10228,train
10229,test
10230,train
10231,test
10232,train
10233,train
10234,train
10235,test
10236,train
10237,test
10238,train
10239,train
10240,train
10241,train
10242,train
10243,train
10244,train
10245,test
10246,train
10247,train
10248,train
10249,train
10250,train
10251,test
10252,test
10253,train
10254,train
10255,train
10256,train
10257,test
10258,train
10259,test
10260,test
10261,train
10262,train
10263,train
10264,train
10265,train
10266,train
10267,train
10268,train
10269,train
10270,train
10271,train
10272,train
10273,train
10274,test
10275,train
10276,train
10277,test
10278,test
10279,train
10280,train
10281,test
10282,train
10283,train
10284,train
10285,train
10286,train
10287,train
10288,test
10289,train
10290,test
10291,train
10292,train
10293,train
10294,train
10295,train
10296,train
10297,train
10298,train
10299,test
10300,test
10301,test
10302,train
10303,train
10304,train
10305,train
10307,train
10308,train
10309,train
10310,train
10311,test
10312,test
10313,train
10314,train
10315,train
10316,train
10317,train
10318,train
10319,train
10320,train
10321,train
10322,train
10323,train
10324,train
10325,test
10326,train
10327,test
10328,train
10329,train
10331,train
10332,train
10333,test
10334,test
10335,train
10336,test
10337,train
10339,test
10340,train
10341,train
10342,train
10343,test
10345,train
10346,train
10347,train
10348,test
10349,train
10350,train
10351,train
10352,train
10353,train
10354,train
10355,test
10356,train
10357,test
10358,train
10359,train
10360,train
10361,train
10362,test
10363,train
10365,train
10366,train
10368,train
10369,train
10370,train
10371,train
10372,train
10374,train
10375,train
10376,test
10377,test
10378,test
10379,test
10381,test
10382,train
10383,train
10384,train
10385,test
10387,train
10388,test
10389,train
10391,train
10392,train
10393,train
10394,train
10395,train
10396,train
10397,test
10398,train
10399,test
10400,train
10401,train
10402,train
10403,train
10404,train
10405,train
10406,train
10407,train
10408,train
10409,train
10410,train
10411,train
10412,test
10413,train
10414,train
10415,test
10416,test
10417,train
10418,train
10419,train
10420,train
10421,train
10422,train
10423,train
10424,train
10425,train
10426,train
10427,train
10428,train
10429,train
10430,train
10431,test
10432,train
10433,train
10434,train
10435,train
10436,train
10437,train
10438,train
10439,train
10440,train
10441,train
10442,test
10443,train
10444,train
10445,train
10446,train
10447,train
10448,train
10449,train
10450,train
10451,train
10452,train
10453,train
10454,train
10455,train
10456,train
10457,train
10458,train
10459,train
10460,train
10461,train
10462,test
10463,train
10464,train
10465,train
10466,train
10467,train
10468,train
10469,train
10470,train
10471,train
10472,train
10473,train
10474,train
10475,test
10476,train
10477,train
10478,train
10479,train
10480,train
10481,test
10482,test
10483,train
10484,train
10485,test
10486,train
10487,train
10488,train
10489,train
10490,train
10491,train
10492,train
10493,train
10494,train
10495,train
10496,train
10497,train
10498,train
10499,train
10500,test
10501,train
10502,train
10503,test
10504,train
10505,train
10506,test
10507,test
10508,train
10509,test
10510,test
10511,train
10512,train
10513,test
10514,test
10515,train
10516,train
10517,train
10518,train
10519,train
10520,train
10521,train
10522,train
10523,train
10524,train
10525,train
10526,test
10527,train
10528,train
10529,test
10530,train
10531,train
10532,train
10533,train
10534,train
10535,train
10536,train
10537,train
10539,train
10541,train
10542,train
10543,train
10544,train
10545,train
10546,test
10547,train
10548,train
10549,train
10550,train
10551,test
10552,train
10553,train
10554,train
10555,test
10556,train
10557,train
10558,test
10559,train
10560,train
10561,train
10562,train
10563,train
10564,train
10565,train
10566,train
10567,test
10568,train
10569,train
10570,train
10571,train
10572,test
10573,train
10574,train
10575,train
10576,train
10577,train
10578,train
10579,train
10580,train
10581,train
10582,train
10583,test
10584,train
10585,train
10586,train
10587,train
10588,train
10589,train
10590,train
10591,train
10592,train
10593,train
10594,test
10595,train
10596,train
10597,train
10598,train
10599,test
10600,train
10601,train
10602,train
10603,train
10604,train
10605,train
10606,train
10607,test
10608,train
10609,test
10610,train
10611,train
10612,train
10613,test
10614,test
10615,test
10616,train
10617,test
10618,train
10619,test
10620,train
10621,test
10623,train
10624,train
10625,train
10626,train
10627,train
10628,train
10629,train
10630,train
10631,train
10632,train
10633,train
10634,test
10635,train
10636,test
10638,train
10639,train
10640,train
10641,train
10643,train
10644,train
10645,test
10646,train
10647,train
10648,train
10649,train
10651,train
10652,train
10653,train
10654,test
10656,train
10657,train
10658,train
10659,test
10661,test
10662,train
10663,train
10665,test
10666,train
10667,train
10668,train
10670,train
10672,train
10673,train
10674,train
10675,test
10676,train
10677,train
10678,train
10680,train
10681,train
10682,train
10683,train
10685,train
10687,test
10689,train
10690,train
10692,test
10693,train
10695,train
10697,train
10698,train
10700,train
10702,train
10703,train
10704,train
10705,train
10707,train
10708,test
10709,train
10710,train
10711,test
10712,test
10714,train
10715,train
10716,test
10717,test
10718,train
10720,train
10721,train
10723,test
10724,test
10725,train
10726,train
10727,train
10728,test
10729,train
10730,test
10731,test
10732,train
10733,test
10734,train
10735,train
10736,train
10737,train
10738,train
10740,test
10741,train
10742,test
10744,train
10745,test
10746,train
10747,train
10748,train
10750,train
10752,train
10753,train
10755,test
10756,train
10758,train
10759,train
10761,train
10762,train
10763,train
10765,test
10766,test
10768,train
10769,train
10770,test
10771,train
10773,test
10774,train
10775,train
10776,train
10777,train
10779,train
10780,train
10782,train
10783,test
10784,train
10785,test
10786,test
10787,train
10788,train
10789,train
10790,train
10791,train
10792,test
10793,test
10794,train
10796,train
10797,train
10798,train
10799,train
10801,train
10802,train
10803,train
10804,test
10805,train
10806,train
10807,train
10808,train
10809,train
10810,train
10811,train
10812,test
10813,train
10814,train
10815,train
10816,train
10818,train
10819,train
10820,train
10821,train
10822,train
10823,train
10825,train
10826,train
10827,test
10828,train
10829,test
10830,train
10831,train
10832,train
10833,test
10834,train
10835,train
10836,test
10837,train
10838,train
10839,train
10840,test
10841,test
10842,train
10843,train
10844,test
10845,test
10846,test
10847,train
10848,train
10849,train
10850,train
10851,test
10852,train
10853,train
10854,train
10855,train
10856,train
10857,train
10858,test
10859,test
10860,train
10861,train
10862,train
10863,train
10864,test
10865,train
10866,train
10867,train
10868,train
10869,train
10870,train
10871,test
10872,train
10873,train
10874,train
10875,train
10876,train
10877,train
10878,train
10879,train
10880,test
10881,train
10882,train
10883,train
10884,train
10885,test
10886,test
10887,train
10888,train
10889,train
10890,train
10891,test
10892,test
10893,train
10894,train
10896,train
10897,train
10899,train
10900,train
10901,test
10902,test
10903,train
10904,train
10905,train
10906,test
10907,test
10908,test
10909,train
10910,train
10911,train
10912,train
10913,train
10914,train
10915,train
10916,train
10917,train
10918,test
10919,test
10920,test
10921,train
10922,train
10923,train
10924,train
10925,train
10926,train
10927,test
10928,train
10929,train
10930,train
10931,train
10933,train
10934,test
10935,test
10936,train
10937,train
10938,test
10939,train
10940,train
10941,test
10942,train
10943,train
10944,train
10945,train
10946,test
10947,train
10948,train
10949,test
10950,train
10951,train
10952,train
10953,train
10954,train
10955,train
10956,test
10957,test
10958,train
10959,test
10960,train
10961,train
10962,train
10963,train
10964,train
10965,train
10966,train
10968,train
10969,train
10970,test
10971,train
10973,train
10974,train
10975,train
10976,train
10977,train
10978,train
10979,train
10980,train
10981,train
10982,train
10983,test
10984,train
10985,test
10986,test
10987,train
10988,train
10989,test
10990,train
10991,train
10993,train
10994,train
10995,train
10997,train
10999,train
11000,test
11002,train
11003,train
11004,test
11006,train
11007,train
11008,train
11009,train
11011,train
11012,train
11013,train
11015,train
11016,train
11017,train
11018,test
11019,train
11020,test
11022,test
11025,train
11026,train
11027,train
11028,test
11029,train
11030,test
11031,train
11032,train
11033,test
11034,train
11035,train
11036,train
11037,train
11038,train
11039,train
11040,test
11041,train
11042,train
11043,train
11044,train
11045,train
11046,train
11047,train
11048,train
11049,train
11050,train
11051,train
11052,train
11053,train
11054,train
11055,train
11056,train
11057,train
11058,train
11059,train
11060,train
11061,test
11062,train
11063,train
11064,test
11065,train
11066,test
11067,train
11068,test
11069,test
11070,train
11071,test
11072,test
11073,train
11074,test
11075,train
11076,train
11077,train
11078,train
11079,train
11080,train
11081,test
11082,test
11083,train
11084,train
11085,train
11086,train
11087,train
11088,train
11089,test
11090,train
11091,train
11092,train
11093,train
11094,train
11095,train
11096,train
11097,train
11098,train
11099,train
11100,train
11101,train
11102,train
11103,train
11104,test
11105,test
11106,train
11107,train
11108,train
11109,train
11110,train
11111,train
11112,train
11113,test
11114,train
11115,test
11116,train
11117,train
11118,test
11119,train
11120,test
11121,test
11122,train
11123,test
11124,train
11125,train
11126,train
11127,train
11128,train
11129,train
11130,train
11131,train
11132,train
11133,test
11134,train
11135,train
11136,train
11137,test
11138,train
11139,test
11140,train
11141,train
11142,test
11144,test
11145,train
11147,test
11148,train
11149,test
11150,test
11151,train
11152,train
11153,train
11154,train
11155,train
11157,train
11158,test
11159,train
11161,train
11162,train
11163,test
11165,test
11166,train
11167,test
11168,train
11169,train
11170,test
11171,train
11172,train
11173,test
11174,train
11175,test
11176,test
11177,train
11178,train
11179,train
11180,train
11181,train
11182,test
11183,train
11184,train
11185,train
11186,train
11187,train
11188,train
11189,train
11190,train
11191,train
11192,train
11193,train
11194,train
11195,train
11196,train
11197,train
11198,train
11199,train
11200,train
11201,train
11202,train
11203,train
11204,train
11205,test
11206,train
11207,train
11208,train
11209,train
11210,test
11211,train
11212,test
11213,train
11214,train
11215,train
11216,test
11217,test
11218,train
11219,train
11220,test
11221,train
11222,train
11223,train
11224,train
11225,train
11226,train
11227,train
11228,train
11229,train
11230,train
11231,train
11232,train
11233,test
11235,test
11237,train
11239,train
11240,train
11241,train
11242,train
11243,train
11244,train
11245,train
11246,train
11247,train
11248,train
11249,test
11250,train
11251,train
11252,test
11253,train
11254,test
11255,train
11257,test
11258,train
11260,train
11262,train
11263,train
11264,train
11265,train
11266,train
11267,train
11268,train
11269,test
11270,train
11271,test
11272,train
11273,test
11274,test
11276,train
11278,test
11279,test
11280,train
11281,train
11282,train
11283,train
11284,train
11285,test
11286,train
11287,train
11289,test
11290,train
11291,train
11292,train
11293,train
11294,train
11295,train
11296,train
11297,train
11299,test
11300,train
11301,train
11302,train
11303,train
11304,train
11305,train
11306,train
11307,train
11308,train
11309,train
11310,test
11311,train
11312,train
11313,test
11315,train
11316,train
11317,train
11318,test
11319,train
11320,train
11321,test
11322,train
11323,test
11324,train
11325,train
11326,train
11327,train
11328,train
11329,train
11330,test
11331,train
11332,train
11333,train
11334,test
11335,test
11336,train
11337,test
11338,train
11339,train
11340,train
11341,train
11342,test
11343,train
11344,train
11345,train
11346,train
11347,train
11348,train
11349,test
11350,train
11352,train
11353,train
11354,train
11355,train
11357,train
11358,train
11359,train
11360,train
11361,train
11362,train
11364,train
11365,train
11366,train
11367,train
11368,train
11369,train
11370,train
11371,train
11372,train
11373,test
11374,test
11375,train
11376,train
11377,train
11378,train
11379,train
11380,train
11381,test
11382,train
11384,train
11386,train
11387,train
11388,test
11390,train
11391,train
11393,train
11394,train
11395,test
11397,test
11398,train
11399,train
11400,test
11401,train
11402,train
11403,train
11404,train
11405,train
11406,train
11407,train
11408,test
11409,train
11411,train
11412,test
11413,train
11414,test
11415,train
11416,test
11417,train
11419,test
11420,test
11421,train
11422,train
11423,train
11424,train
11425,train
11426,train
11427,test
11429,train
11430,train
11431,train
11432,train
11433,test
11434,train
11435,train
11436,train
11437,train
11438,train
11439,test
11440,train
11441,train
11442,train
11443,train
11444,train
11445,train
11446,train
11447,train
11448,train
11449,test
11450,train
11452,train
11454,train
11456,train
11457,train
11458,train
11459,test
11460,train
11461,test
11463,train
11464,train
11465,train
11466,train
11467,test
11468,train
11469,train
11470,train
11471,train
11472,test
11473,train
11474,test
11475,train
11476,train
11477,train
11478,test
11479,train
11480,train
11481,train
11482,train
11483,train
11484,test
11485,train
11487,test
11488,train
11489,test
11490,train
11491,train
11492,train
11493,train
11494,test
11495,train
11496,train
11497,test
11498,train
11499,train
11500,train
11502,train
11503,test
11504,train
11505,train
11506,train
11507,train
11508,train
11509,train
11511,test
11512,train
11513,test
11514,train
11515,train
11517,train
11518,test
11519,train
11520,train
11521,train
11522,train
11523,train
11524,train
11525,train
11527,train
11528,train
11529,train
11530,test
11531,train
11532,train
11533,train
11535,train
11536,train
11537,train
11538,train
11539,train
11540,train
11541,train
11542,train
11543,train
11544,train
11545,train
11546,train
11547,train
11548,train
11550,train
11551,train
11552,train
11553,train
11555,train
11557,train
11558,test
11559,train
11561,train
11562,train
11564,train
11565,test
11566,train
11568,train
11569,train
11570,train
11571,train
11573,train
11574,train
11575,test
11576,train
11577,train
11579,train
11581,train
11582,train
11583,train
11584,train
11585,train
11586,test
11587,test
11588,train
11589,train
11591,train
11592,train
11593,train
11594,train
11595,train
11596,train
11598,train
11599,train
11601,train
11603,train
11604,train
11605,train
11606,train
11607,train
11608,train
11609,train
11610,test
11611,train
11612,train
11614,test
11615,train
11616,train
11618,train
11619,train
11620,test
11622,test
11623,train
11624,train
11625,train
11626,train
11627,train
11628,train
11629,train
11630,train
11631,train
11632,train
11633,train
11634,test
11635,test
11636,train
11637,train
11638,train
11639,train
11641,test
11642,train
11643,train
11644,test
11645,train
11646,train
11648,train
11650,train
11651,train
11652,train
11653,train
11655,train
11656,test
11657,train
11658,test
11659,train
11660,train
11661,test
11662,train
11663,train
11664,train
11665,test
11666,train
11667,train
11668,test
11669,train
11670,train
11671,train
11672,train
11673,train
11674,train
11675,train
11676,test
11677,train
11678,train
11679,train
11680,test
11681,train
11682,test
11683,train
11684,train
11685,test
11686,train
11687,train
11689,train
11690,train
11691,train
11693,train
11694,train
11695,train
11696,train
11697,train
11698,train
11699,train
11701,train
11702,train
11703,train
11704,train
11705,train
11707,train
11708,train
11709,train
11710,train
11712,test
11713,train
11715,train
11716,test
11717,train
11718,train
11720,train
11721,train
11722,train
11723,train
11724,test
11725,train
11727,train
11728,train
11729,test
11730,train
11731,test
11732,test
11734,train
11735,train
11736,train
11737,train
11738,train
11739,train
11740,test
11741,train
11742,test
11743,train
11745,train
11746,train
11747,test
11748,train
11749,train
11750,train
11751,train
11752,train
11753,test
11755,test
11756,train
11757,train
11758,test
11759,train
11761,test
11762,train
11763,train
11764,train
11765,train
11766,train
11767,train
11768,test
11769,train
11770,train
11771,test
11772,train
11773,test
11774,train
11775,test
11776,train
11777,train
11778,train
11779,train
11780,test
11781,train
11782,test
11784,train
11785,train
11786,test
11787,test
11788,test
11789,train
11790,train
11791,train
11792,test
11793,train
11794,train
11795,train
11796,test
11798,train
11799,train
11800,train
11801,train
11802,train
11803,train
11804,train
11805,train
11806,train
11807,train
11808,train
11810,train
11811,train
11812,train
11813,train
11814,train
11815,train
11816,train
11817,train
11818,test
11819,train
11820,train
11821,train
11822,train
11823,train
11825,train
11827,train
11828,train
11829,train
11830,train
11831,train
11832,test
11833,train
11834,train
11835,train
11836,train
11837,train
11838,test
11839,train
11840,train
11841,train
11843,train
11844,test
11845,test
11846,train
11847,train
11849,train
11850,train
11851,train
11852,train
11853,train
11854,test
11855,test
11856,train
11857,train
11858,test
11859,train
11860,train
11861,test
11862,train
11863,train
11864,train
11865,test
11866,train
11867,train
11868,train
11869,train
11871,train
11872,train
11873,train
11874,train
11875,train
11876,train
11877,train
11878,train
11880,train
11881,train
11882,train
11883,train
11884,train
11886,train
11887,train
11888,test
11889,train
11890,train
11891,train
11892,train
11893,train
11894,train
11895,train
11896,train
11897,train
11898,train
11899,train
11900,train
11901,train
11902,train
11903,train
11904,test
11905,test
11906,train
11908,train
11909,test
11910,train
11911,test
11912,train
11913,train
11914,train
11915,train
11916,train
11917,train
11918,train
11919,train
11920,test
11921,train
11922,train
11923,train
11924,train
11925,train
11926,train
11927,train
11928,train
11929,train
11930,test
11931,train
11932,train
11933,train
11934,train
11935,train
11936,train
11937,train
11938,train
11939,train
11941,test
11942,train
11943,test
11944,test
11945,test
11946,train
11947,test
11948,train
11949,train
11951,train
11952,test
11954,train
11955,train
11956,train
11957,train
11958,train
11959,train
11960,train
11961,train
11962,test
11963,test
11964,train
11965,train
11967,train
11968,train
11969,train
11970,train
11971,test
11972,train
11973,train
11974,train
11976,train
11977,train
11978,train
11979,train
11981,test
11982,train
11983,train
11984,train
11985,train
11986,train
11987,test
11988,train
11989,train
11990,train
11991,train
11992,train
11993,train
11994,test
11995,test
11997,train
11998,train
11999,train
12000,train
12002,train
12003,train
12004,train
12005,train
12006,test
12007,train
12008,test
12009,train
12011,train
12012,train
12013,train
12015,train
12017,train
12018,train
12020,train
12021,train
12023,train
12024,train
12025,train
12026,train
12028,train
12029,train
12030,test
12031,train
12032,train
12033,test
12034,test
12035,test
12036,train
12037,train
12038,train
12039,train
12040,train
12041,train
12042,train
12043,test
12044,train
12045,train
12046,train
12047,test
12049,train
12050,train
12051,test
12052,train
12054,train
12055,train
12056,test
12057,test
12059,train
12060,train
12061,test
12062,train
12063,train
12064,train
12065,train
12066,train
12067,train
12068,train
12069,train
12070,train
12071,train
12072,train
12073,train
12074,test
12075,train
12076,train
12077,train
12078,train
12079,train
12080,train
12081,test
12082,train
12083,train
12084,test
12085,train
12086,train
12087,train
12088,test
12089,train
12091,test
12092,train
12093,train
12094,train
12095,train
12096,train
12097,test
12098,train
12099,train
12100,train
12101,test
12102,train
12103,train
12104,train
12105,train
12106,train
12107,train
12108,train
12109,train
12110,train
12111,train
12112,train
12113,train
12114,train
12115,train
12116,train
12117,train
12118,train
12119,train
12120,train
12121,train
12122,train
12123,train
12124,train
12125,train
12126,train
12127,train
12128,train
12129,train
12130,train
12131,train
12132,train
12134,train
12135,train
12136,train
12137,train
12138,test
12139,train
12140,train
12141,train
12142,train
12143,train
12145,train
12146,train
12147,train
12148,train
12150,train
12151,train
12152,train
12153,train
12154,train
12155,train
12156,train
12158,train
12159,train
12160,test
12161,train
12162,train
12163,train
12164,train
12165,test
12166,train
12167,train
12168,test
12169,train
12170,train
12171,train
12172,train
12173,train
12174,train
12175,train
12176,test
12177,train
12178,train
12179,train
12180,train
12181,test
12182,train
12183,train
12184,train
12185,test
12186,test
12187,test
12188,train
12189,train
12190,train
12191,train
12192,train
12193,train
12194,train
12195,train
12196,test
12197,train
12198,train
12199,train
12200,train
12201,train
12202,test
12203,train
12204,train
12205,train
12206,train
12207,train
12208,train
12209,train
12210,train
12211,train
12212,train
12213,train
12214,test
12215,train
12216,train
12217,train
12218,train
12219,train
12220,train
12221,train
12222,test
12223,train
12224,test
12225,train
12226,train
12227,train
12228,train
12229,train
12230,train
12231,train
12232,train
12233,test
12234,train
12235,test
12236,train
12237,test
12238,test
12239,train
12240,train
12241,train
12242,train
12243,train
12244,train
12245,train
12246,train
12247,train
12248,train
12249,train
12250,test
12251,train
12252,train
12253,train
12254,train
12255,train
12256,train
12257,train
12258,train
12259,train
12260,train
12261,train
12262,test
12263,train
12264,train
12265,train
12266,train
12267,train
12268,train
12269,train
12270,train
12271,test
12272,train
12273,train
12274,train
12275,train
12276,train
12277,train
12278,train
12279,train
12280,train
12281,test
12282,train
12283,test
12284,test
12285,train
12286,train
12287,train
12288,train
12289,train
12290,test
12291,test
12292,train
12293,test
12294,test
12295,train
12296,train
12297,test
12298,train
12299,train
12300,train
12301,train
12302,train
12303,test
12304,train
12305,train
12306,train
12307,train
12308,train
12309,train
12310,train
12311,train
12312,train
12313,train
12314,test
12315,train
12316,train
12317,train
12318,test
12319,train
12320,train
12321,test
12322,train
12323,train
12324,train
12325,train
12326,train
12327,train
12328,train
12329,train
12330,train
12331,train
12332,test
12334,train
12335,train
12336,train
12337,train
12338,train
12340,test
12341,train
12342,train
12344,train
12345,train
12346,test
12347,train
12348,train
12349,train
12351,train
12352,train
12353,train
12355,train
12356,train
12357,train
12358,train
12359,train
12360,test
12361,test
12363,train
12364,train
12365,train
12367,train
12368,train
12369,test
12370,train
12372,train
12373,train
12374,train
12375,train
12376,train
12378,train
12379,train
12380,test
12381,train
12382,train
12383,train
12384,train
12385,train
12386,train
12387,train
12388,train
12389,train
12390,train
12391,train
12392,test
12393,train
12394,train
12395,train
12396,train
12397,train
12398,train
12399,train
12400,test
12401,test
12402,train
12403,train
12404,train
12405,train
12406,train
12407,train
12408,train
12409,train
12410,train
12411,test
12412,train
12413,train
12414,train
12415,train
12416,train
12417,test
12418,train
12419,train
12420,train
12421,train
12422,test
12423,train
12424,train
12425,train
12426,test
12427,train
12428,train
12429,train
12430,train
12431,train
12432,train
12433,train
12434,train
12435,train
12436,train
12437,train
12439,train
12440,train
12441,train
12442,train
12443,train
12444,train
12446,train
12447,train
12449,test
12450,train
12452,train
12453,train
12454,train
12455,train
12457,train
12458,train
12459,train
12461,train
12462,train
12464,train
12465,train
12466,train
12467,test
12468,train
12469,train
12470,train
12472,test
12473,test
12474,train
12475,train
12476,train
12477,train
12478,train
12479,train
12480,train
12482,train
12483,train
12484,train
12485,test
12486,test
12487,train
12488,train
12489,train
12490,train
12491,train
12492,train
12493,test
12494,test
12495,train
12496,test
12497,test
12498,train
12499,test
12500,test
12501,test
12502,train
12503,train
12504,train
12505,train
12506,test
12507,train
12508,train
12509,train
12510,train
12511,train
12512,train
12513,train
12514,train
12515,test
12516,train
12517,train
12518,train
12519,train
12520,train
12521,train
12522,test
12523,train
12524,train
12525,test
12526,train
12527,train
12528,train
12529,train
12530,test
12531,train
12532,train
12533,train
12534,train
12535,test
12536,train
12537,train
12539,train
12540,train
12541,train
12542,train
12543,train
12544,train
12545,train
12546,train
12547,train
12548,train
12549,train
12550,train
12551,train
12552,test
12553,train
12554,train
12555,test
12556,train
12557,train
12558,train
12559,train
12560,train
12561,train
12562,train
12563,train
12564,train
12565,train
12566,train
12567,train
12568,test
12569,train
12570,train
12571,test
12572,train
12573,train
12574,train
12575,train
12576,train
12577,test
12578,train
12579,train
12580,train
12581,train
12582,train
12583,train
12584,train
12586,test
12587,train
12588,train
12589,train
12590,test
12591,train
12592,train
12593,test
12594,train
12595,train
12596,train
12597,test
12598,train
12599,test
12600,train
12601,train
12602,train
12603,train
12604,train
12605,test
12606,train
12607,train
12608,train
12609,test
12610,train
12611,train
12612,train
12613,train
12614,train
12615,test
12616,train
12618,train
12619,train
12620,train
12621,train
12622,test
12623,train
12624,test
12625,train
12626,train
12627,train
12629,train
12630,train
12631,train
12632,train
12633,train
12634,train
12635,train
12636,test
12637,train
12638,train
12639,test
12640,train
12641,train
12642,train
12643,train
12644,train
12645,train
12646,train
12647,train
12648,test
12649,train
12650,test
12651,train
12652,train
12653,test
12654,train
12655,train
12656,test
12657,train
12658,test
12659,train
12660,train
12661,train
12662,test
12663,test
12664,train
12665,train
12667,train
12668,train
12669,train
12670,test
12672,train
12673,train
12674,train
12675,test
12676,train
12677,train
12678,train
12679,train
12680,train
12681,train
12682,train
12683,train
12684,train
12685,train
12686,test
12687,train
12688,train
12689,test
12690,test
12691,train
12692,train
12693,train
12694,test
12695,train
12696,train
12697,train
12698,train
12699,train
12700,train
12701,test
12702,test
12703,train
12704,train
12705,train
12706,train
12707,train
12708,train
12709,train
12710,train
12711,test
12712,train
12713,test
12714,train
12715,train
12716,train
12717,train
12718,train
12719,train
12720,train
12721,train
12722,train
12723,test
12724,test
12725,train
12726,train
12727,test
12728,train
12729,train
12730,train
12731,test
12732,train
12733,test
12734,test
12735,train
12736,test
12737,train
12738,train
12739,train
12740,train
12741,train
12742,test
12743,train
12744,train
12745,test
12746,train
12747,train
12748,train
12749,test
12750,train
12751,test
12752,test
12753,train
12754,train
12755,train
12756,train
12757,train
12758,train
12759,train
12760,test
12761,train
12762,train
12763,train
12764,test
12765,train
12766,train
12767,train
12768,train
12769,train
12770,train
12771,train
12772,train
12773,train
12774,train
12775,train
12776,train
12777,test
12778,train
12779,test
12780,test
12781,train
12782,train
12783,train
12784,test
12785,test
12786,train
12787,train
12788,train
12789,train
12790,test
12791,train
12792,train
12793,train
12794,test
12795,train
12796,train
12797,train
12798,test
12799,train
12800,train
12801,test
12802,train
12803,train
12804,train
12805,train
12806,test
12807,train
12808,test
12809,train
12810,train
12811,train
12812,train
12813,train
12814,train
12815,test
12816,train
12817,train
12818,train
12819,train
12820,train
12821,train
12822,train
12823,train
12824,train
12825,train
12826,train
12827,train
12828,test
12829,train
12830,train
12831,train
12832,train
12833,test
12834,train
12835,train
12836,train
12837,train
12838,train
12839,train
12840,train
12841,test
12842,train
12843,train
12844,train
12845,train
12846,train
12847,train
12848,train
12849,test
12850,train
12851,train
12852,test
12853,train
12854,train
12855,test
12856,train
12857,train
12858,test
12859,train
12860,test
12861,train
12862,test
12863,train
12864,train
12865,test
12866,train
12867,train
12868,train
12869,train
12870,train
12871,test
12872,train
12873,test
12874,train
12875,train
12876,train
12877,train
12878,train
12879,train
12880,train
12881,train
12882,train
12883,test
12884,train
12885,train
12886,train
12887,train
12888,train
12889,test
12890,test
12891,train
12892,train
12893,train
12894,test
12895,train
12896,train
12897,test
12898,train
12899,test
12900,train
12901,test
12902,train
12903,test
12904,test
12905,test
12906,train
12907,test
12908,train
12909,train
12911,train
12912,test
12913,train
12914,test
12915,train
12916,train
12917,test
12918,train
12919,train
12921,train
12923,train
12924,train
12926,train
12927,train
12928,train
12929,train
12930,train
12931,train
12932,train
12933,train
12934,train
12935,train
12936,train
12937,test
12938,train
12939,train
12940,train
12941,train
12943,test
12944,train
12945,train
12946,train
12947,train
12948,train
12949,test
12951,train
